-- phpMyAdmin SQL Dump
-- version 4.0.4
-- http://www.phpmyadmin.net
--
-- Host: localhost
-- Generation Time: May 29, 2014 at 08:49 AM
-- Server version: 5.6.12-log
-- PHP Version: 5.4.12

SET SQL_MODE = "NO_AUTO_VALUE_ON_ZERO";
SET time_zone = "+00:00";


/*!40101 SET @OLD_CHARACTER_SET_CLIENT=@@CHARACTER_SET_CLIENT */;
/*!40101 SET @OLD_CHARACTER_SET_RESULTS=@@CHARACTER_SET_RESULTS */;
/*!40101 SET @OLD_COLLATION_CONNECTION=@@COLLATION_CONNECTION */;
/*!40101 SET NAMES utf8 */;

--
-- Database: `shareview`
--
CREATE DATABASE IF NOT EXISTS `shareview` DEFAULT CHARACTER SET latin1 COLLATE latin1_swedish_ci;
USE `shareview`;

-- --------------------------------------------------------

--
-- Table structure for table `brand`
--

CREATE TABLE IF NOT EXISTS `brand` (
  `id` int(11) NOT NULL AUTO_INCREMENT,
  `name` varchar(100) NOT NULL,
  `description` varchar(5000) NOT NULL,
  `image` varchar(100) DEFAULT NULL,
  `status` tinyint(1) NOT NULL DEFAULT '1',
  `is_deleted` tinyint(1) NOT NULL DEFAULT '0',
  `delete_date` datetime DEFAULT NULL,
  `create_date` datetime DEFAULT NULL,
  `update_date` datetime DEFAULT NULL,
  PRIMARY KEY (`id`)
) ENGINE=InnoDB  DEFAULT CHARSET=utf8 AUTO_INCREMENT=355 ;

--
-- Dumping data for table `brand`
--

INSERT INTO `brand` (`id`, `name`, `description`, `image`, `status`, `is_deleted`, `delete_date`, `create_date`, `update_date`) VALUES
(1, 'example', 'Enter Description here.........', 'a6b40397691a12bbf09eed3ecaf6ab5a.jpg', 1, 1, '2013-08-10 09:33:06', '2013-07-17 07:58:21', '2013-08-10 09:33:06'),
(2, 'Nike', 'Nike brand description 1 Nike brand description 2 Nike brand description 3 Nike brand description 4 Nike brand description 5 Nike brand description 6 Nike brand description 7 Nike brand description 8 Nike brand description 9 Nike brand description 10 Nike brand description 11 Nike brand description 12 Nike brand description 13 Nike brand description 14 Nike brand description 15', '23f328dd584a118bd579bdfdbdb21753.png', 1, 1, '2013-08-14 11:01:15', '2013-07-17 08:19:03', '2013-08-14 11:01:15'),
(3, 'Apple', 'Found in Desktops, Laptops, Smartphones, Tablets', 'de1e962a16ad9586ec882fd5cd19ac9a.jpg', 1, 0, NULL, '2013-07-19 06:55:39', '2013-08-15 13:08:31'),
(4, 'Atlantic Technology', 'Found in Sound Bars', 'b08d66c63715aa956fdf5fdae469d218.JPG', 1, 0, NULL, '2013-08-12 01:59:10', '2013-08-15 13:08:44'),
(5, 'AudioSource', 'Found in Sound Bars', '402d214ae1c84afedd2c2429fe7eced6.png', 1, 0, NULL, '2013-08-12 02:02:32', '2013-08-15 13:08:55'),
(6, 'Bose®', 'Found in Sound Bars, Home Theater, Portable Speakers, Headphones', '2a4d825e729fc410e35216ba30689620.png', 1, 0, NULL, '2013-08-12 02:02:33', '2013-08-15 13:09:12'),
(7, 'Boston Acoustics', 'Found in Sound Bars', '0c80d9b0b04a8663cd31a5000db7b418.jpg', 1, 0, NULL, '2013-08-12 02:02:33', '2013-08-15 13:09:44'),
(8, 'Bowers and Wilkins', 'Found in Sound Bars', '6309d1b9e0f91a50d60454bd5a2d8b0e.png', 1, 0, NULL, '2013-08-12 02:02:34', '2013-08-15 13:09:32'),
(9, 'Definitive Technology', 'Found in Sound Bars', '15dd46e0233366d87ff7afaaa2f0d026.gif', 1, 0, NULL, '2013-08-12 02:02:34', '2013-08-15 13:08:09'),
(10, 'Energy', 'Found in Sound Bars', '79fd907922dc59d2911f1ce55e3b68cf.jpg', 1, 0, NULL, '2013-08-12 02:02:34', '2013-08-15 13:07:56'),
(11, 'Harman Kardon', 'Found In: Sound Bars', 'e8c1498a1ded215e0c3334ba779f90b9.jpg', 1, 0, NULL, '2013-08-12 02:02:34', '2013-08-15 13:07:43'),
(12, 'Insignia™', 'Found in: Sound Bars', 'd92091ed32a74918afa1886f6676d09a.jpg', 1, 0, NULL, '2013-08-12 02:02:34', '2013-08-15 13:06:54'),
(13, 'KEF', 'Found In: Sound Bars', '25c75f7341f547ac952a156e0e28949f.jpg', 1, 0, NULL, '2013-08-12 02:02:35', '2013-08-15 14:05:56'),
(14, 'Klipsch', 'Found In: Sound Bars', '9b10844945ee172856cfad1bff1cbb62.jpg', 1, 0, NULL, '2013-08-12 02:02:35', '2013-08-15 14:06:23'),
(15, 'LG', 'Found In: Sound Bars', '72b1ec575fa4cdf020ffff301bee3a33.jpg', 1, 0, NULL, '2013-08-12 02:02:35', '2013-08-15 14:07:14'),
(16, 'MartinLogan', 'Found In: Sound Bars', 'ebf26ccbb99064c32efdea1a9b2d2d47.jpg', 1, 0, NULL, '2013-08-12 02:02:36', '2013-08-15 14:07:53'),
(17, 'Panasonic', 'Found In: Sound Bars', '01500841bb86b0219285f2e9619766b5.jpg', 1, 0, NULL, '2013-08-12 02:02:36', '2013-08-15 14:08:24'),
(18, 'Polk Audio', 'Found In: Sound Bars', '5f17ea54432c77b0f1573d1974925617.jpg', 1, 0, NULL, '2013-08-12 02:02:36', '2013-08-15 14:08:49'),
(19, 'Samsung', 'Found In: Sound Bars', 'bd7d6a97c1eed271e112a07b1c8ccb1b.jpg', 1, 0, NULL, '2013-08-12 02:02:37', '2013-08-15 14:09:33'),
(20, 'Sharp', 'Found In: Sound Bars', '0ca888e41615131dc7ae07ea55b85440.jpg', 1, 0, NULL, '2013-08-12 02:02:37', '2013-08-15 14:10:08'),
(21, 'SONOS', 'Found In: Sound Bars', '04b4dfbf263832f4016582ad61eb7d72.jpg', 1, 0, NULL, '2013-08-12 02:02:38', '2013-08-15 14:10:48'),
(22, 'Sony', 'Found In: Sound Bars', '62b72380f43d852fa6b389f3fd67adaf.jpg', 1, 0, NULL, '2013-08-12 02:02:38', '2013-08-15 14:11:41'),
(23, 'Soundstream', 'Found in: Sound Bars', '7ef97359db5388d8fac1bf3c2226334c.jpg', 1, 0, NULL, '2013-08-12 02:02:39', '2013-08-15 13:17:30'),
(24, 'SpeakerCraft', 'Found In: Soundcraft', 'b67f85f9305b892970b4985451ef6d45.jpg', 1, 0, NULL, '2013-08-12 02:02:39', '2013-08-15 13:56:43'),
(25, 'Toshiba', 'Found In: Sound Bars', '32bb8585fe72c1d7e07feab9c507dce8.jpg', 1, 0, NULL, '2013-08-12 02:02:39', '2013-08-15 14:42:28'),
(26, 'VIZIO', 'Found In: Sound Bars', '414fcf578a1d135dfae711c4bec96761.jpg', 1, 0, NULL, '2013-08-12 02:02:39', '2013-08-15 13:37:01'),
(27, 'Yamaha', 'Found In: sound bars:', '01a69fdc5bc06ef9bcfc1b4fab8cfd26.gif', 1, 0, NULL, '2013-08-12 02:02:39', '2013-08-15 13:47:53'),
(28, 'ZVOX', 'Found In: sound bars', 'f79d2f5c3f9b3957bef63c82e21d33d2.jpg', 1, 0, NULL, '2013-08-12 02:02:41', '2013-08-15 14:11:33'),
(29, ' ', '', NULL, 1, 0, NULL, '2013-08-15 02:00:42', NULL),
(30, 'BIC America', 'Found In: sound bars', '39708c83ad215e769f41089e5db0d3a8.jpg', 1, 0, NULL, '2013-08-15 09:19:43', '2013-08-15 14:15:33'),
(31, 'Bower', '', NULL, 1, 0, NULL, '2013-08-15 09:19:55', NULL),
(32, 'Cyber Acoustics', 'Found In: sound bars', 'f5afc021db7c780aacffb0a46c222248.gif', 1, 0, NULL, '2013-08-15 09:20:03', '2013-08-15 14:44:58'),
(33, 'Eagle Tech Computers', 'Found In: Sound Bars', '77c49a7a62a77208d04c91a469e8a7af.jpeg', 1, 0, NULL, '2013-08-15 09:20:10', '2013-08-15 14:34:50'),
(34, 'Haier', 'Found In: Sound Bars', '9113bfa22c8cf097e40aac1b3e75a780.png', 1, 0, NULL, '2013-08-15 09:20:39', '2013-08-15 14:35:06'),
(35, 'iLive', 'Found In: Sound Bars', 'cabe71bf6c7da66f459cb77a031a85b8.jpg', 1, 0, NULL, '2013-08-15 09:21:56', '2013-08-15 14:35:38'),
(36, 'JBL', 'Found In: Sound Bars', '460ce9eef8d074f7f7e32dca25a4bef6.jpg', 1, 0, NULL, '2013-08-15 09:22:34', '2013-08-15 14:35:57'),
(37, 'Philips', 'Found In: Sound Bars', 'e8161ae0f73b2593465f81713f267223.jpg', 1, 0, NULL, '2013-08-15 09:24:23', '2013-08-15 14:36:16'),
(38, 'Pyle', 'Found In: sound bars', 'aa27f25aa233b835d2a1eb7b00af7ce5.jpg', 1, 0, NULL, '2013-08-15 09:24:36', '2013-08-15 14:29:00'),
(39, 'Supersonic', 'Found In: sound bars', 'e218212ab18248432c8ffe29745ce5bc.png', 1, 0, NULL, '2013-08-15 09:25:45', '2013-08-15 14:31:17'),
(40, 'TDK', 'Found In: sound bars', '4c7bfd278f65107597a45609c5ad4e1c.jpg', 1, 0, NULL, '2013-08-15 09:25:48', '2013-08-15 14:35:10'),
(41, 'Vantec', 'Found In: sound bars', 'deb2a695e375c92c996cd407ce0770e1.jpg', 1, 0, NULL, '2013-08-15 09:25:52', '2013-08-15 14:39:34'),
(42, 'Magnavox', '', NULL, 1, 0, NULL, '2013-08-16 02:12:53', NULL),
(43, 'Arion', '', NULL, 1, 0, NULL, '2013-08-21 05:40:29', NULL),
(44, 'Altec Lansing', '', NULL, 1, 0, NULL, '2013-08-21 05:53:03', NULL),
(45, 'Denon', '', NULL, 1, 0, NULL, '2013-08-21 06:19:48', NULL),
(46, 'Ion Audio', '', NULL, 1, 0, NULL, '2013-08-21 06:19:56', NULL),
(47, 'Kanex', '', NULL, 1, 0, NULL, '2013-08-21 06:19:58', NULL),
(48, 'Onkyo', '', NULL, 1, 0, NULL, '2013-08-21 06:20:25', NULL),
(49, 'RCA', '', NULL, 1, 0, NULL, '2013-08-21 06:20:42', NULL),
(50, 'SAMSUNG INC', '', NULL, 1, 0, NULL, '2013-08-21 06:20:57', NULL),
(51, 'Technical Pro', '', NULL, 1, 0, NULL, '2013-08-21 06:21:27', NULL),
(52, 'Aluratek', '', NULL, 1, 0, NULL, '2013-08-30 06:25:02', NULL),
(53, 'AUDIOVOX CORP', '', NULL, 1, 0, NULL, '2013-08-30 06:25:06', NULL),
(54, 'bCODA', '', NULL, 1, 0, NULL, '2013-08-30 06:25:07', NULL),
(55, 'Able Planet', '', NULL, 1, 0, NULL, '2013-08-30 06:32:49', NULL),
(56, 'AIAIAI', '', NULL, 1, 0, NULL, '2013-08-30 06:33:13', NULL),
(57, 'AKG', '', NULL, 1, 0, NULL, '2013-08-30 06:33:19', NULL),
(58, 'Alpine', '', NULL, 1, 0, NULL, '2013-08-30 06:33:42', NULL),
(59, 'American Audio', '', NULL, 1, 0, NULL, '2013-08-30 06:33:48', NULL),
(60, 'Apple®', '', NULL, 1, 0, NULL, '2013-08-30 06:33:51', NULL),
(61, 'Audio Technica', '', NULL, 1, 0, NULL, '2013-08-30 06:34:01', NULL),
(62, 'Audio-Technica', '', NULL, 1, 0, NULL, '2013-08-30 06:34:03', NULL),
(63, 'Audiofly', '', NULL, 1, 0, NULL, '2013-08-30 06:34:15', NULL),
(64, 'Bazooka', '', NULL, 1, 0, NULL, '2013-08-30 06:34:44', NULL),
(65, 'Beats By Dr. Dre', '', NULL, 1, 0, NULL, '2013-08-30 06:34:52', NULL),
(66, 'Behringer', '', NULL, 1, 0, NULL, '2013-08-30 06:35:33', NULL),
(67, 'beyerdynamic', '', NULL, 1, 0, NULL, '2013-08-30 06:35:40', NULL),
(68, 'BiGR Audio', '', NULL, 1, 0, NULL, '2013-08-30 06:35:42', NULL),
(69, 'Bioworld', '', NULL, 1, 0, NULL, '2013-08-30 06:35:44', NULL),
(70, 'BlueAnt', '', NULL, 1, 0, NULL, '2013-08-30 06:35:45', NULL),
(71, 'Boss', '', NULL, 1, 0, NULL, '2013-08-30 06:36:12', NULL),
(72, 'CAD', '', NULL, 1, 0, NULL, '2013-08-30 06:36:34', NULL),
(73, 'CAD Audio', '', NULL, 1, 0, NULL, '2013-08-30 06:36:37', NULL),
(74, 'Candeez', '', NULL, 1, 0, NULL, '2013-08-30 06:36:46', NULL),
(75, 'CM Storm', '', NULL, 1, 0, NULL, '2013-08-30 06:36:52', NULL),
(76, 'Coloud', '', NULL, 1, 0, NULL, '2013-08-30 06:36:54', NULL),
(77, 'Cooler Master', '', NULL, 1, 0, NULL, '2013-08-30 06:36:58', NULL),
(78, 'DGL Group', '', NULL, 1, 0, NULL, '2013-08-30 06:37:13', NULL),
(79, 'DJ-Tech', '', NULL, 1, 0, NULL, '2013-08-30 06:37:14', NULL),
(80, 'Dynex™', '', NULL, 1, 0, NULL, '2013-08-30 06:37:21', NULL),
(81, 'EarBombz', '', NULL, 1, 0, NULL, '2013-08-30 06:37:23', NULL),
(82, 'Ecko', '', NULL, 1, 0, NULL, '2013-08-30 06:37:24', NULL),
(83, 'Ecko Unltd.', '', NULL, 1, 0, NULL, '2013-08-30 06:37:35', NULL),
(84, 'eKids', '', NULL, 1, 0, NULL, '2013-08-30 06:37:49', NULL),
(85, 'eskuché', '', NULL, 1, 0, NULL, '2013-08-30 06:37:51', NULL),
(86, 'Etymotic', '', NULL, 1, 0, NULL, '2013-08-30 06:37:52', NULL),
(87, 'Fanny Wang', '', NULL, 1, 0, NULL, '2013-08-30 06:37:56', NULL),
(88, 'Frends', '', NULL, 1, 0, NULL, '2013-08-30 06:38:05', NULL),
(89, 'Gear4', '', NULL, 1, 0, NULL, '2013-08-30 06:38:22', NULL),
(90, 'Griffin Technology', '', NULL, 1, 0, NULL, '2013-08-30 06:38:25', NULL),
(91, 'HANDCANDY', '', NULL, 1, 0, NULL, '2013-08-30 06:38:33', NULL),
(92, 'Hello Kitty', '', NULL, 1, 0, NULL, '2013-08-30 06:39:02', NULL),
(93, 'Hercules', '', NULL, 1, 0, NULL, '2013-08-30 06:39:03', NULL),
(94, 'House of Marley', '', NULL, 1, 0, NULL, '2013-08-30 06:39:06', NULL),
(95, 'HYPE', '', NULL, 1, 0, NULL, '2013-08-30 06:39:09', NULL),
(96, 'I-MEGO', '', NULL, 1, 0, NULL, '2013-08-30 06:39:30', NULL),
(97, 'iFrogz', '', NULL, 1, 0, NULL, '2013-08-30 06:39:37', NULL),
(98, 'iHip', '', NULL, 1, 0, NULL, '2013-08-30 06:39:42', NULL),
(99, 'iHome', '', NULL, 1, 0, NULL, '2013-08-30 06:39:50', NULL),
(100, 'Jabra', '', NULL, 1, 0, NULL, '2013-08-30 06:39:53', NULL),
(101, 'JayBird', '', NULL, 1, 0, NULL, '2013-08-30 06:39:56', NULL),
(102, 'JAYS of Sweden', '', NULL, 1, 0, NULL, '2013-08-30 06:40:00', NULL),
(103, 'JVC', '', NULL, 1, 0, NULL, '2013-08-30 06:40:15', NULL),
(104, 'Koss', '', NULL, 1, 0, NULL, '2013-08-30 06:42:06', NULL),
(105, 'KRK', '', NULL, 1, 0, NULL, '2013-08-30 06:42:15', NULL),
(106, 'Logitech', '', NULL, 1, 0, NULL, '2013-08-30 06:42:18', NULL),
(107, 'Macbeth', '', NULL, 1, 0, NULL, '2013-08-30 06:42:22', NULL),
(108, 'Macbeth Collection', '', NULL, 1, 0, NULL, '2013-08-30 06:42:24', NULL),
(109, 'Marathon', '', NULL, 1, 0, NULL, '2013-08-30 06:42:26', NULL),
(110, 'Marc Ecko', '', NULL, 1, 0, NULL, '2013-08-30 06:42:28', NULL),
(111, 'bem wireless', '', NULL, 1, 0, NULL, '2013-08-30 07:07:44', NULL),
(112, 'Boombotix', '', NULL, 1, 0, NULL, '2013-08-30 07:07:58', NULL),
(113, 'Bose', '', NULL, 1, 0, NULL, '2013-08-30 07:08:08', NULL),
(114, 'DBEST London', '', NULL, 1, 0, NULL, '2013-08-30 07:08:37', NULL),
(115, 'Digital Treasures', '', NULL, 1, 0, NULL, '2013-08-30 07:08:48', NULL),
(116, 'Divoom', '', NULL, 1, 0, NULL, '2013-08-30 07:08:51', NULL),
(117, 'Eclipse', '', NULL, 1, 0, NULL, '2013-08-30 07:09:04', NULL),
(118, 'Electric Friends', '', NULL, 1, 0, NULL, '2013-08-30 07:09:05', NULL),
(119, 'G-CUBE', '', NULL, 1, 0, NULL, '2013-08-30 07:09:10', NULL),
(120, 'Garmin', '', NULL, 1, 0, NULL, '2013-08-30 07:09:12', NULL),
(121, 'GOAL ZERO', '', NULL, 1, 0, NULL, '2013-08-30 07:09:13', NULL),
(122, 'Grace Digital', '', NULL, 1, 0, NULL, '2013-08-30 07:09:14', NULL),
(123, 'Hifonics', '', NULL, 1, 0, NULL, '2013-08-30 07:09:20', NULL),
(124, 'HMDX', '', NULL, 1, 0, NULL, '2013-08-30 07:09:21', NULL),
(125, 'iPort', '', NULL, 1, 0, NULL, '2013-08-30 07:10:42', NULL),
(126, 'Jawbone', '', NULL, 1, 0, NULL, '2013-08-30 07:10:46', NULL),
(127, 'Jensen', '', NULL, 1, 0, NULL, '2013-08-30 07:10:51', NULL),
(128, 'JLAB', '', NULL, 1, 0, NULL, '2013-08-30 07:11:08', NULL),
(129, 'Killer Concepts', '', NULL, 1, 0, NULL, '2013-08-30 07:11:11', NULL),
(130, 'Lenovo', '', NULL, 1, 0, NULL, '2013-08-30 07:11:12', NULL),
(131, 'Matrix Audio', '', NULL, 1, 0, NULL, '2013-08-30 07:11:16', NULL),
(132, 'Memorex', '', NULL, 1, 0, NULL, '2013-08-30 07:11:27', NULL),
(133, 'Monster', '', NULL, 1, 0, NULL, '2013-08-30 07:11:28', NULL),
(134, 'NUU', '', NULL, 1, 0, NULL, '2013-08-30 07:11:30', NULL),
(135, 'Octa', '', NULL, 1, 0, NULL, '2013-08-30 07:11:30', NULL),
(136, 'Parrot', '', NULL, 1, 0, NULL, '2013-08-30 07:11:37', NULL),
(137, 'RockDoc', '', NULL, 1, 0, NULL, '2013-08-30 07:11:50', NULL),
(138, 'SDI Technologies', '', NULL, 1, 0, NULL, '2013-08-30 07:12:06', NULL),
(139, 'Soundfreaq', '', NULL, 1, 0, NULL, '2013-08-30 07:12:18', NULL),
(140, 'Soundmatters', '', NULL, 1, 0, NULL, '2013-08-30 07:12:24', NULL),
(141, 'Team ProMark', '', NULL, 1, 0, NULL, '2013-08-30 07:12:30', NULL),
(142, 'TekNmotion', '', NULL, 1, 0, NULL, '2013-08-30 07:12:31', NULL),
(143, 'Tonez Audio', '', NULL, 1, 0, NULL, '2013-08-30 07:12:34', NULL),
(144, 'Ultimate Ears', '', NULL, 1, 0, NULL, '2013-08-30 07:12:37', NULL),
(145, 'XtremeMac', '', NULL, 1, 0, NULL, '2013-08-30 07:12:41', NULL),
(146, 'Marley', '', NULL, 1, 0, NULL, '2013-08-30 07:24:26', NULL),
(147, 'Marvel', '', NULL, 1, 0, NULL, '2013-08-30 07:24:35', NULL),
(148, 'MEElectronics', '', NULL, 1, 0, NULL, '2013-08-30 07:24:37', NULL),
(149, 'Merkury Innovations', '', NULL, 1, 0, NULL, '2013-08-30 07:25:22', NULL),
(150, 'Monster Cable', '', NULL, 1, 0, NULL, '2013-08-30 07:25:51', NULL),
(151, 'Motorola', '', NULL, 1, 0, NULL, '2013-08-30 07:25:52', NULL),
(152, 'Numark', '', NULL, 1, 0, NULL, '2013-08-30 07:26:00', NULL),
(153, 'Olympia', '', NULL, 1, 0, NULL, '2013-08-30 07:26:02', NULL),
(154, 'OtterBox', '', NULL, 1, 0, NULL, '2013-08-30 07:26:03', NULL),
(155, 'Pangea', '', NULL, 1, 0, NULL, '2013-08-30 07:26:09', NULL),
(156, 'Pear Sports', '', NULL, 1, 0, NULL, '2013-08-30 07:26:11', NULL),
(157, 'Phiaton', '', NULL, 1, 0, NULL, '2013-08-30 07:26:12', NULL),
(158, 'Pioneer', '', NULL, 1, 0, NULL, '2013-08-30 07:26:41', NULL),
(159, 'Plantronics', '', NULL, 1, 0, NULL, '2013-08-30 07:26:57', NULL),
(160, 'PNY', '', NULL, 1, 0, NULL, '2013-08-30 07:27:00', NULL),
(161, 'Power Acoustik', '', NULL, 1, 0, NULL, '2013-08-30 07:27:09', NULL),
(162, 'Puma', '', NULL, 1, 0, NULL, '2013-08-30 07:27:17', NULL),
(163, 'RETAIL SALES SOLUTIONS', '', NULL, 1, 0, NULL, '2013-08-30 07:27:19', NULL),
(164, 'Rocketfish™', '', NULL, 1, 0, NULL, '2013-08-30 07:27:19', NULL),
(165, 'Rocketfish™ Mobile', '', NULL, 1, 0, NULL, '2013-08-30 07:27:22', NULL),
(166, 'Russound', '', NULL, 1, 0, NULL, '2013-08-30 07:27:30', NULL),
(167, 'Samson', '', NULL, 1, 0, NULL, '2013-08-30 07:27:31', NULL),
(168, 'Section8', '', NULL, 1, 0, NULL, '2013-08-30 07:27:33', NULL),
(169, 'Sennheiser', '', NULL, 1, 0, NULL, '2013-08-30 07:27:33', NULL),
(170, 'Acer', '', NULL, 1, 0, NULL, '2013-09-18 13:37:52', NULL),
(171, 'Asus', '', NULL, 1, 0, NULL, '2013-09-18 13:38:02', NULL),
(172, 'Dell', '', NULL, 1, 0, NULL, '2013-09-18 13:38:32', NULL),
(173, 'GammaTech', '', NULL, 1, 0, NULL, '2013-09-18 13:38:37', NULL),
(174, 'Gateway', '', NULL, 1, 0, NULL, '2013-09-18 13:38:38', NULL),
(175, 'HP', '', NULL, 1, 0, NULL, '2013-09-18 13:38:39', NULL),
(176, 'MSI', '', NULL, 1, 0, NULL, '2013-09-18 13:38:58', NULL),
(177, 'Rain Computers', '', NULL, 1, 0, NULL, '2013-09-18 13:39:03', NULL),
(178, 'CyberPowerPC', '', NULL, 1, 0, NULL, '2013-09-18 13:45:53', NULL),
(179, 'iBUYPOWER', '', NULL, 1, 0, NULL, '2013-09-18 13:47:22', NULL),
(180, 'Razer', '', NULL, 1, 0, NULL, '2013-09-18 13:49:03', NULL),
(181, 'Google', '', NULL, 1, 0, NULL, '2013-09-19 07:23:29', NULL),
(182, 'Pioneer Elite', '', NULL, 1, 0, NULL, '2013-09-19 07:59:55', NULL),
(183, 'Skullcandy', '', NULL, 1, 0, NULL, '2013-09-23 09:54:55', NULL),
(184, 'Audiology', '', NULL, 1, 0, NULL, '2013-09-23 10:13:38', NULL),
(185, 'chicBuds', '', NULL, 1, 0, NULL, '2013-09-23 10:15:28', NULL),
(186, 'PSB Speakers', '', NULL, 1, 0, NULL, '2013-09-23 10:22:35', NULL),
(187, 'SKULLCANDY INC', '', NULL, 1, 0, NULL, '2013-09-23 10:26:40', NULL),
(188, 'SMS Audio', '', NULL, 1, 0, NULL, '2013-09-23 10:26:41', NULL),
(189, 'SOL REPUBLIC', '', NULL, 1, 0, NULL, '2013-09-23 10:26:56', NULL),
(190, 'SOL REPUBLIC INC', '', NULL, 1, 0, NULL, '2013-09-23 10:27:42', NULL),
(191, 'Sonomax Technologies', '', NULL, 1, 0, NULL, '2013-09-23 10:27:44', NULL),
(192, 'SOUL', '', NULL, 1, 0, NULL, '2013-09-23 10:28:57', NULL),
(193, 'Sprayloud', '', NULL, 1, 0, NULL, '2013-09-23 10:28:58', NULL),
(194, 'Stanton', '', NULL, 1, 0, NULL, '2013-09-23 10:29:02', NULL),
(195, 'Tribeca', '', NULL, 1, 0, NULL, '2013-09-23 10:29:12', NULL),
(196, 'Urbanears', '', NULL, 1, 0, NULL, '2013-09-23 10:29:19', NULL),
(197, 'V-MODA', '', NULL, 1, 0, NULL, '2013-09-23 10:29:32', NULL),
(198, 'VOX', '', NULL, 1, 0, NULL, '2013-09-23 10:29:36', NULL),
(199, 'Warner Bros', '', NULL, 1, 0, NULL, '2013-09-23 10:29:37', NULL),
(200, 'WeSC', '', NULL, 1, 0, NULL, '2013-09-23 10:29:38', NULL),
(201, 'Woodees', '', NULL, 1, 0, NULL, '2013-09-23 10:30:25', NULL),
(202, 'Yurbuds', '', NULL, 1, 0, NULL, '2013-09-23 10:30:47', NULL),
(203, 'Zeikos', '', NULL, 1, 0, NULL, '2013-09-23 10:31:18', NULL),
(204, 'Acme Made', '', NULL, 1, 0, NULL, '2013-09-23 10:45:26', NULL),
(205, 'Canon', '', NULL, 1, 0, NULL, '2013-09-23 10:45:35', NULL),
(206, 'Case Logic', '', NULL, 1, 0, NULL, '2013-09-23 10:47:13', NULL),
(207, 'Casio', '', NULL, 1, 0, NULL, '2013-09-23 10:47:39', NULL),
(208, 'Delkin', '', NULL, 1, 0, NULL, '2013-09-23 10:47:41', NULL),
(209, 'DENAQ', '', NULL, 1, 0, NULL, '2013-09-23 10:47:44', NULL),
(210, 'Digipower', '', NULL, 1, 0, NULL, '2013-09-23 10:47:57', NULL),
(211, 'Energizer', '', NULL, 1, 0, NULL, '2013-09-23 10:48:38', NULL),
(212, 'Fujifilm', '', NULL, 1, 0, NULL, '2013-09-23 10:48:49', NULL),
(213, 'Gary Fong', '', NULL, 1, 0, NULL, '2013-09-23 10:50:39', NULL),
(214, 'GE', '', NULL, 1, 0, NULL, '2013-09-23 10:50:40', NULL),
(215, 'Get''m Get''m Wear', '', NULL, 1, 0, NULL, '2013-09-23 10:50:49', NULL),
(216, 'GoPro', '', NULL, 1, 0, NULL, '2013-09-23 10:51:14', NULL),
(217, 'Init™', '', NULL, 1, 0, NULL, '2013-09-23 10:51:14', NULL),
(218, 'Jill-E', '', NULL, 1, 0, NULL, '2013-09-23 10:51:16', NULL),
(219, 'Kodak', '', NULL, 1, 0, NULL, '2013-09-23 10:51:19', NULL),
(220, 'Lenmar', '', NULL, 1, 0, NULL, '2013-09-23 10:51:39', NULL),
(221, 'Lowepro', '', NULL, 1, 0, NULL, '2013-09-23 10:53:31', NULL),
(222, 'Lytro', '', NULL, 1, 0, NULL, '2013-09-23 10:53:49', NULL),
(223, 'Manfrotto', '', NULL, 1, 0, NULL, '2013-09-23 10:53:52', NULL),
(224, 'Merkury', '', NULL, 1, 0, NULL, '2013-09-23 10:54:03', NULL),
(225, 'mod.', '', NULL, 1, 0, NULL, '2013-09-23 10:54:04', NULL),
(226, 'National Geographic', '', NULL, 1, 0, NULL, '2013-09-23 10:54:07', NULL),
(227, 'Nikon', '', NULL, 1, 0, NULL, '2013-09-23 10:54:08', NULL),
(228, 'Olympus', '', NULL, 1, 0, NULL, '2013-09-23 10:57:59', NULL),
(229, 'OLYMPUS CORPORATION', '', NULL, 1, 0, NULL, '2013-09-23 10:58:50', NULL),
(230, 'Pelican Products-Photo Video', '', NULL, 1, 0, NULL, '2013-09-23 10:59:21', NULL),
(231, 'Pentax', '', NULL, 1, 0, NULL, '2013-09-23 10:59:22', NULL),
(232, 'PLAYSKOOL', '', NULL, 1, 0, NULL, '2013-09-23 10:59:53', NULL),
(233, 'Polaroid', '', NULL, 1, 0, NULL, '2013-09-23 10:59:57', NULL),
(234, 'Samsonite', '', NULL, 1, 0, NULL, '2013-09-23 11:00:05', NULL),
(235, 'Sigma', '', NULL, 1, 0, NULL, '2013-09-23 11:01:04', NULL),
(236, 'Sunpak', '', NULL, 1, 0, NULL, '2013-09-23 11:02:36', NULL),
(237, 'Swiss Gear', '', NULL, 1, 0, NULL, '2013-09-23 11:02:37', NULL),
(238, 'Tamrac', '', NULL, 1, 0, NULL, '2013-09-23 11:02:42', NULL),
(239, 'Trax', '', NULL, 1, 0, NULL, '2013-09-23 11:02:44', NULL),
(240, 'Trekking', '', NULL, 1, 0, NULL, '2013-09-23 11:02:45', NULL),
(241, 'Wenger', '', NULL, 1, 0, NULL, '2013-09-23 11:02:48', NULL),
(242, 'Amazon', '', NULL, 1, 0, NULL, '2013-09-23 11:14:38', NULL),
(243, 'Barnes & Noble', '', NULL, 1, 0, NULL, '2013-09-23 11:14:46', NULL),
(244, 'Ematic', '', NULL, 1, 0, NULL, '2013-09-23 11:14:53', NULL),
(245, 'Shift3', '', NULL, 1, 0, NULL, '2013-09-23 11:14:54', NULL),
(246, 'AAXA', '', NULL, 1, 0, NULL, '2013-09-24 13:08:28', NULL),
(247, 'Altra', '', NULL, 1, 0, NULL, '2013-09-24 13:08:32', NULL),
(248, 'Antennas Direct', '', NULL, 1, 0, NULL, '2013-09-24 13:08:36', NULL),
(249, 'Atlona', '', NULL, 1, 0, NULL, '2013-09-24 13:08:38', NULL),
(250, 'Audioengine', '', NULL, 1, 0, NULL, '2013-09-24 13:08:47', NULL),
(251, 'AudioQuest', '', NULL, 1, 0, NULL, '2013-09-24 13:08:52', NULL),
(252, 'Audiovox', '', NULL, 1, 0, NULL, '2013-09-24 13:10:45', NULL),
(253, 'BDI', '', NULL, 1, 0, NULL, '2013-09-24 13:10:47', NULL),
(254, 'Belkin', '', NULL, 1, 0, NULL, '2013-09-24 13:10:52', NULL),
(255, 'BenQ', '', NULL, 1, 0, NULL, '2013-09-24 13:10:55', NULL),
(256, 'Channel Master', '', NULL, 1, 0, NULL, '2013-09-24 13:11:01', NULL),
(257, 'Chief', '', NULL, 1, 0, NULL, '2013-09-24 13:11:12', NULL),
(258, 'Coby', '', NULL, 1, 0, NULL, '2013-09-24 13:11:24', NULL),
(259, 'Contex', '', NULL, 1, 0, NULL, '2013-09-24 13:11:30', NULL),
(260, 'Cool Components', '', NULL, 1, 0, NULL, '2013-09-24 13:11:35', NULL),
(261, 'Cyber Clean', '', NULL, 1, 0, NULL, '2013-09-24 13:11:49', NULL),
(262, 'Da-Lite', '', NULL, 1, 0, NULL, '2013-09-24 13:11:51', NULL),
(263, 'Diamond', '', NULL, 1, 0, NULL, '2013-09-24 13:11:54', NULL),
(264, 'Dotz', '', NULL, 1, 0, NULL, '2013-09-24 13:11:58', NULL),
(265, 'Dynex™ Direct', '', NULL, 1, 0, NULL, '2013-09-24 13:12:03', NULL),
(266, 'Elite Screens', '', NULL, 1, 0, NULL, '2013-09-24 13:12:07', NULL),
(267, 'Envizen Digital', '', NULL, 1, 0, NULL, '2013-09-24 13:12:22', NULL),
(268, 'Epson', '', NULL, 1, 0, NULL, '2013-09-24 13:12:23', NULL),
(269, 'General Imaging', '', NULL, 1, 0, NULL, '2013-09-24 13:12:26', NULL),
(270, 'GPX', '', NULL, 1, 0, NULL, '2013-09-24 13:12:29', NULL),
(271, 'Gunnar', '', NULL, 1, 0, NULL, '2013-09-24 13:12:34', NULL),
(272, 'Hisense', '', NULL, 1, 0, NULL, '2013-09-24 13:12:42', NULL),
(273, 'Hiteker', '', NULL, 1, 0, NULL, '2013-09-24 13:12:44', NULL),
(274, 'IOGEAR', '', NULL, 1, 0, NULL, '2013-09-24 13:13:19', NULL),
(275, 'Legrand/Wiremold', '', NULL, 1, 0, NULL, '2013-09-24 13:13:22', NULL),
(276, 'Level Mount', '', NULL, 1, 0, NULL, '2013-09-24 13:13:24', NULL),
(277, 'Amana', '', NULL, 1, 0, NULL, '2013-09-24 13:29:57', NULL),
(278, 'Avanti', '', NULL, 1, 0, NULL, '2013-09-24 13:30:04', NULL),
(279, 'Bosch', '', NULL, 1, 0, NULL, '2013-09-24 13:30:09', NULL),
(280, 'Electrolux', '', NULL, 1, 0, NULL, '2013-09-24 13:30:17', NULL),
(281, 'Euro Cuisine', '', NULL, 1, 0, NULL, '2013-09-24 13:30:25', NULL),
(282, 'Frigidaire', '', NULL, 1, 0, NULL, '2013-09-24 13:30:27', NULL),
(283, 'Midea', '', NULL, 1, 0, NULL, '2013-09-24 13:32:32', NULL),
(284, 'Smart Choice', '', NULL, 1, 0, NULL, '2013-09-24 13:33:30', NULL),
(285, 'Tide', '', NULL, 1, 0, NULL, '2013-09-24 13:33:30', NULL),
(286, 'Whirlpool', '', NULL, 1, 0, NULL, '2013-09-24 13:33:32', NULL),
(287, 'Sansui', '', NULL, 1, 0, NULL, '2013-10-03 04:59:04', NULL),
(288, 'Sanyo', '', NULL, 1, 0, NULL, '2013-10-03 04:59:08', NULL),
(289, 'SunBriteTV', '', NULL, 1, 0, NULL, '2013-10-03 05:00:25', NULL),
(290, 'TCL', '', NULL, 1, 0, NULL, '2013-10-03 05:00:32', NULL),
(291, 'Venturer', '', NULL, 1, 0, NULL, '2013-10-03 05:01:38', NULL),
(292, 'Viore', '', NULL, 1, 0, NULL, '2013-10-03 05:01:43', NULL),
(293, 'Westinghouse', '', NULL, 1, 0, NULL, '2013-10-03 05:02:20', NULL),
(294, 'Alienware', '', NULL, 1, 0, NULL, '2013-10-03 05:03:49', NULL),
(295, 'Ballistic', '', NULL, 1, 0, NULL, '2013-10-03 05:05:05', NULL),
(296, 'CybertronPC', '', NULL, 1, 0, NULL, '2013-10-03 05:06:18', NULL),
(297, 'Elo', '', NULL, 1, 0, NULL, '2013-10-03 05:07:30', NULL),
(298, 'Intel', '', NULL, 1, 0, NULL, '2013-10-03 05:10:02', NULL),
(299, 'Kaser', '', NULL, 1, 0, NULL, '2013-10-03 05:10:05', NULL),
(300, 'Skech', '', NULL, 1, 0, NULL, '2013-10-03 05:11:50', NULL),
(301, 'SodaStream', '', NULL, 1, 0, NULL, '2013-10-03 05:11:51', NULL),
(302, 'Telikin', '', NULL, 1, 0, NULL, '2013-10-03 05:12:02', NULL),
(303, 'BlackBerry', '', NULL, 1, 0, NULL, '2013-10-03 05:15:38', NULL),
(304, 'HTC', '', NULL, 1, 0, NULL, '2013-10-03 05:15:55', NULL),
(305, 'iPhone®', '', NULL, 1, 0, NULL, '2013-10-03 05:16:25', NULL),
(306, 'Kyocera', '', NULL, 1, 0, NULL, '2013-10-03 05:16:45', NULL),
(307, 'Nokia', '', NULL, 1, 0, NULL, '2013-10-03 05:18:57', NULL),
(308, 'Pantech', '', NULL, 1, 0, NULL, '2013-10-03 05:19:25', NULL),
(309, 'Archos', '', NULL, 1, 0, NULL, '2013-10-03 05:26:57', NULL),
(310, 'Azpen', '', NULL, 1, 0, NULL, '2013-10-03 05:27:20', NULL),
(311, 'D2', '', NULL, 1, 0, NULL, '2013-10-03 05:27:46', NULL),
(312, 'Double Power', '', NULL, 1, 0, NULL, '2013-10-03 05:28:06', NULL),
(313, 'E-Fun', '', NULL, 1, 0, NULL, '2013-10-03 05:28:25', NULL),
(314, 'Efun', '', NULL, 1, 0, NULL, '2013-10-03 05:28:29', NULL),
(315, 'Fuhu', '', NULL, 1, 0, NULL, '2013-10-03 05:28:41', NULL),
(316, 'Hannspree', '', NULL, 1, 0, NULL, '2013-10-03 05:28:44', NULL),
(317, 'Hipstreet', '', NULL, 1, 0, NULL, '2013-10-03 05:28:46', NULL),
(318, 'Ideatab', '', NULL, 1, 0, NULL, '2013-10-03 05:29:26', NULL),
(319, 'Kurio', '', NULL, 1, 0, NULL, '2013-10-03 05:29:45', NULL),
(320, 'Le Pan', '', NULL, 1, 0, NULL, '2013-10-03 05:30:02', NULL),
(321, 'LeapFrog', '', NULL, 1, 0, NULL, '2013-10-03 05:30:11', NULL),
(322, 'Afinia', '', NULL, 1, 0, NULL, '2013-10-03 05:59:45', NULL),
(323, 'Brother', '', NULL, 1, 0, NULL, '2013-10-03 06:00:27', NULL),
(324, 'DiVoga', '', NULL, 1, 0, NULL, '2013-10-03 06:04:30', NULL),
(325, 'Tops', '', NULL, 1, 0, NULL, '2013-10-03 06:09:08', NULL),
(326, 'Vu Point', '', NULL, 1, 0, NULL, '2013-10-03 06:09:09', NULL),
(327, 'Amped Wireless', '', NULL, 1, 0, NULL, '2013-10-03 06:11:39', NULL),
(328, 'Buffalo', '', NULL, 1, 0, NULL, '2013-10-03 06:12:07', NULL),
(329, 'D-Link', '', NULL, 1, 0, NULL, '2013-10-03 06:12:10', NULL),
(330, 'NETGEAR', '', NULL, 1, 0, NULL, '2013-10-03 06:12:14', NULL),
(331, 'Lexibook', '', NULL, 1, 0, NULL, '2013-10-03 06:20:14', NULL),
(332, 'Mach Speed', '', NULL, 1, 0, NULL, '2013-10-03 06:20:18', NULL),
(333, 'Matsunichi', '', NULL, 1, 0, NULL, '2013-10-03 06:20:23', NULL),
(334, 'Microsoft', '', NULL, 1, 0, NULL, '2013-10-03 06:20:28', NULL),
(335, 'nabi', '', NULL, 1, 0, NULL, '2013-10-03 06:20:43', NULL),
(336, 'Oregon Scientific', '', NULL, 1, 0, NULL, '2013-10-03 06:20:44', NULL),
(337, 'Penpower', '', NULL, 1, 0, NULL, '2013-10-03 06:20:53', NULL),
(338, 'SKYTEX', '', NULL, 1, 0, NULL, '2013-10-03 06:22:13', NULL),
(339, 'Trio', '', NULL, 1, 0, NULL, '2013-10-03 06:22:56', NULL),
(340, 'Visual Land', '', NULL, 1, 0, NULL, '2013-10-03 06:22:58', NULL),
(341, 'Wikipad', '', NULL, 1, 0, NULL, '2013-10-03 06:23:03', NULL),
(342, 'Zeki', '', NULL, 1, 0, NULL, '2013-10-03 06:23:05', NULL),
(343, 'TOSHIBA COMPUTER SYSTEMS', '', NULL, 1, 0, NULL, '2013-10-03 09:05:09', NULL),
(344, 'iDance', '', NULL, 1, 0, NULL, '2013-10-04 07:28:21', NULL),
(345, 'Muzik', '', NULL, 1, 0, NULL, '2013-10-04 07:34:51', NULL),
(346, 'VIBE', '', NULL, 1, 0, NULL, '2013-10-04 07:46:26', NULL),
(347, 'Pelican', '', NULL, 1, 0, NULL, '2013-10-04 08:13:11', NULL),
(348, 'Actiontec', '', NULL, 1, 0, NULL, '2013-10-04 09:04:06', NULL),
(349, 'Buffalo Technology', '', NULL, 1, 0, NULL, '2013-10-04 09:04:56', NULL),
(350, 'Cisco', '', NULL, 1, 0, NULL, '2013-10-04 09:04:58', NULL),
(351, 'Linksys', '', NULL, 1, 0, NULL, '2013-10-04 09:05:32', NULL),
(352, 'On Networks', '', NULL, 1, 0, NULL, '2013-10-04 09:06:21', NULL),
(353, 'TRENDnet', '', NULL, 1, 0, NULL, '2013-10-04 09:06:26', NULL),
(354, 'SYNNEX BBFB DIRECT', '', NULL, 1, 0, NULL, '2013-10-31 05:19:56', NULL);

-- --------------------------------------------------------

--
-- Table structure for table `category`
--

CREATE TABLE IF NOT EXISTS `category` (
  `id` int(11) NOT NULL AUTO_INCREMENT,
  `category_id` int(11) DEFAULT NULL,
  `combine_category_id` int(11) DEFAULT NULL,
  `name` varchar(100) NOT NULL,
  `alias` varchar(255) DEFAULT NULL,
  `image` varchar(100) DEFAULT NULL,
  `status` tinyint(1) NOT NULL,
  `ordering` int(11) DEFAULT '1',
  `is_deleted` tinyint(1) NOT NULL DEFAULT '0',
  `delete_date` datetime DEFAULT NULL,
  `create_date` datetime DEFAULT NULL,
  `update_Date` datetime DEFAULT NULL,
  PRIMARY KEY (`id`),
  KEY `fk_category` (`category_id`),
  KEY `fk_category_combine_1` (`combine_category_id`)
) ENGINE=InnoDB  DEFAULT CHARSET=utf8 AUTO_INCREMENT=56 ;

--
-- Dumping data for table `category`
--

INSERT INTO `category` (`id`, `category_id`, `combine_category_id`, `name`, `alias`, `image`, `status`, `ordering`, `is_deleted`, `delete_date`, `create_date`, `update_Date`) VALUES
(1, NULL, NULL, 'Audio', 'audio', '149bd977721f460129760c821f33f30f.png', 1, 1, 0, NULL, '2013-07-09 03:04:38', '2013-09-19 10:26:39'),
(2, NULL, NULL, 'Electronics', 'electronics', 'b296c817e86a8da3dd08639cb99b5bf0.png', 1, 2, 0, NULL, '2013-07-09 03:04:51', '2013-09-19 10:26:49'),
(3, NULL, NULL, 'Appliances', 'appliances', 'a30971063c49d798b6eb1571d03dd55c.png', 1, 3, 0, NULL, '2013-07-09 03:05:00', '2013-09-19 10:26:58'),
(4, NULL, NULL, 'Home & Lawn', 'home-lawn', '4bec2e3ac3fdd412b85b841676029642.png', 1, 4, 0, NULL, '2013-07-09 03:05:08', '2013-09-19 10:27:09'),
(5, NULL, NULL, 'Power Tools', 'power-tools', '563afe9f6415683eefd02a175f92ab01.png', 1, 5, 0, NULL, '2013-07-09 03:05:20', '2013-09-19 10:27:18'),
(6, NULL, NULL, 'Sports & Outdoors', 'sports-outdoors', '02d36f0698a599351e8193383c166bb7.png', 1, 6, 0, NULL, '2013-07-09 03:05:29', '2013-09-19 10:27:26'),
(9, 1, NULL, 'Home Theater', 'home-theater', NULL, 1, 2, 0, NULL, '2013-07-09 03:06:48', '2013-08-23 07:40:04'),
(10, 1, NULL, 'Portable Speakers', 'portable-speakers', NULL, 1, 3, 0, NULL, '2013-07-09 03:07:02', '2013-08-07 21:03:50'),
(11, 1, 55, 'Headphones', 'headphones', NULL, 1, 4, 0, NULL, '2013-07-09 03:07:14', '2013-08-11 13:44:01'),
(12, 2, NULL, 'Televisions', 'televisions', NULL, 1, 6, 0, NULL, '2013-07-09 03:07:45', '2013-08-09 15:26:29'),
(13, 2, NULL, 'Desktops', 'desktops', NULL, 1, 5, 0, NULL, '2013-07-09 03:07:59', '2013-09-19 18:20:14'),
(14, 2, NULL, 'Laptops', 'laptops', NULL, 1, 2, 0, NULL, '2013-07-09 03:08:12', '2013-08-15 20:22:53'),
(15, 2, NULL, 'Smartphones', 'smartphones', NULL, 1, 3, 0, NULL, '2013-07-09 03:08:27', '2013-09-19 18:22:47'),
(16, 2, 50, 'Tablets', 'tablets', NULL, 1, 6, 0, NULL, '2013-07-09 03:08:37', '2013-08-08 09:00:11'),
(17, 2, NULL, 'Digital Cameras', 'digital-cameras', NULL, 1, 7, 0, NULL, '2013-07-09 03:08:56', '2013-08-07 21:15:04'),
(18, 2, NULL, 'WiFi Printers', 'wifi-printers', NULL, 1, 8, 0, NULL, '2013-07-09 03:09:07', '2013-08-07 21:19:04'),
(19, 2, 52, 'Routers', 'routers', NULL, 1, 9, 0, NULL, '2013-07-09 03:09:19', '2013-08-08 15:08:38'),
(20, 3, NULL, 'Refrigerators', 'refrigerators', NULL, 1, 1, 0, NULL, '2013-07-09 03:09:43', NULL),
(21, 3, NULL, 'Ranges', 'ranges', NULL, 1, 3, 0, NULL, '2013-07-09 03:10:09', NULL),
(22, 3, NULL, 'Dishwashers', 'dishwashers', NULL, 1, 4, 0, NULL, '2013-07-09 03:11:58', '2013-08-08 03:13:05'),
(23, 3, 53, 'Washers', 'washers', NULL, 1, 1, 0, NULL, '2013-07-09 03:12:31', '2013-08-09 02:07:26'),
(24, 3, NULL, 'Vacuums', 'vacuums', NULL, 1, 5, 0, NULL, '2013-07-09 03:12:43', NULL),
(26, 3, NULL, 'Microwaves', 'microwaves', NULL, 1, 6, 0, NULL, '2013-07-09 03:13:04', NULL),
(27, 3, NULL, 'Toaster Ovens', 'toaster-ovens', NULL, 1, 7, 0, NULL, '2013-07-09 03:13:23', NULL),
(28, 3, NULL, 'Blenders & Juicers', 'blenders-juicers', NULL, 1, 8, 0, NULL, '2013-07-09 03:13:37', NULL),
(29, 3, NULL, 'Coffee Machines', 'coffee-machines', NULL, 1, 9, 0, NULL, '2013-07-09 03:13:56', NULL),
(30, 4, NULL, 'Grills & Cookers', 'grills-cookers', NULL, 1, 1, 0, NULL, '2013-07-09 03:14:09', NULL),
(31, 4, NULL, 'Mattresses', 'mattresses', NULL, 1, 1, 0, NULL, '2013-07-09 03:14:20', NULL),
(32, 4, NULL, 'Pillows', 'pillows', NULL, 1, 1, 0, NULL, '2013-07-09 03:14:34', NULL),
(33, 4, NULL, 'Mowers', 'mowers', NULL, 1, 1, 0, NULL, '2013-07-09 03:15:48', NULL),
(34, 4, NULL, 'Trimmers', 'trimmers', NULL, 1, 1, 0, NULL, '2013-07-09 03:16:34', NULL),
(35, 4, NULL, 'Leaf Blowers', 'leaf-blowers', NULL, 1, 1, 0, NULL, '2013-07-09 03:16:50', NULL),
(36, 5, NULL, 'Cordless Drills', 'cordless-drills', NULL, 1, 1, 0, NULL, '2013-07-09 03:17:02', NULL),
(37, 5, NULL, 'Chainsaws', 'chainsaws', NULL, 1, 1, 0, NULL, '2013-07-09 03:17:14', NULL),
(38, 5, NULL, 'Saws', 'saws', NULL, 1, 1, 0, NULL, '2013-07-09 03:17:28', NULL),
(39, 5, NULL, 'Pressure Washers', 'pressure-washers', NULL, 1, 1, 0, NULL, '2013-07-09 03:17:40', NULL),
(40, 6, NULL, 'Golf Clubs', 'golf-clubs', NULL, 1, 1, 0, NULL, '2013-07-09 03:17:55', NULL),
(41, 6, NULL, 'Tennis Racquets', 'tennis-racquets', NULL, 1, 1, 0, NULL, '2013-07-09 03:18:12', NULL),
(42, 6, NULL, 'Bikes', 'bikes', NULL, 1, 1, 0, NULL, '2013-07-09 03:18:25', NULL),
(43, 6, NULL, 'Footwear', 'footwear', NULL, 1, 1, 0, NULL, '2013-07-09 03:18:37', NULL),
(44, 6, NULL, 'Sunglasses', 'sunglasses', NULL, 1, 1, 0, NULL, '2013-07-09 03:18:49', '2013-07-31 07:50:16'),
(46, 1, NULL, 'Sound Bars', 'sound-bars', NULL, 1, 1, 0, NULL, '2013-08-02 12:53:24', '2013-08-07 21:01:43'),
(47, 2, 50, 'E-Readers', 'e-readers', NULL, 1, 10, 0, NULL, '2013-08-07 21:12:15', '2013-08-15 20:29:25'),
(48, 3, 53, 'Dryers', 'dryers', NULL, 1, 1, 0, NULL, '2013-08-08 01:29:25', '2013-08-09 02:07:26'),
(50, 2, NULL, 'Tablets & E-Readers', 'tablets-e-readers', NULL, 1, 1, 0, NULL, '2013-08-08 09:00:11', NULL),
(51, 2, 52, 'Range Extenders', 'range-extenders', NULL, 1, 1, 0, NULL, '2013-08-08 15:07:55', '2013-08-08 15:08:38'),
(52, 2, NULL, 'Wireless Networking', 'wireless-networking', NULL, 1, 4, 0, NULL, '2013-08-08 15:08:38', NULL),
(53, 3, NULL, 'Washers & Dryers', 'washers-dryers', NULL, 1, 2, 0, NULL, '2013-08-09 02:07:26', NULL),
(54, 1, 55, 'Bluetooth Headphones', 'bluetooth-headphones', NULL, 1, 1, 0, NULL, '2013-08-11 13:40:36', '2013-08-11 13:44:01'),
(55, 1, NULL, 'Headphones', 'headphones', NULL, 1, 1, 0, NULL, '2013-08-11 13:41:32', '2013-08-11 13:44:01');

-- --------------------------------------------------------

--
-- Table structure for table `component`
--

CREATE TABLE IF NOT EXISTS `component` (
  `id` int(11) NOT NULL AUTO_INCREMENT,
  `category_id` int(11) NOT NULL,
  `name` varchar(100) NOT NULL,
  `is_deleted` tinyint(1) NOT NULL DEFAULT '0',
  `delete_date` datetime DEFAULT NULL,
  `create_date` datetime DEFAULT NULL,
  `update_date` datetime DEFAULT NULL,
  PRIMARY KEY (`id`),
  KEY `fk_category_components` (`category_id`)
) ENGINE=InnoDB  DEFAULT CHARSET=utf8 AUTO_INCREMENT=92 ;

--
-- Dumping data for table `component`
--

INSERT INTO `component` (`id`, `category_id`, `name`, `is_deleted`, `delete_date`, `create_date`, `update_date`) VALUES
(1, 14, 'Display', 0, NULL, '2013-07-30 04:09:08', '2013-08-15 20:22:53'),
(2, 14, 'Speaker Quality', 0, NULL, '2013-07-30 04:09:08', '2013-08-15 20:22:53'),
(3, 14, 'Performance', 0, NULL, '2013-07-30 04:09:08', '2013-08-15 20:22:53'),
(4, 14, 'Design', 0, NULL, '2013-07-30 04:09:08', '2013-08-15 20:22:53'),
(5, 14, 'Lightweight', 0, NULL, '2013-07-30 04:09:08', '2013-08-15 20:22:53'),
(6, 15, 'Display', 0, NULL, '2013-07-31 07:48:03', '2013-09-19 18:22:47'),
(7, 15, 'Camera', 0, NULL, '2013-07-31 07:48:03', '2013-09-19 18:22:47'),
(8, 15, 'Speaker Quality', 0, NULL, '2013-07-31 07:48:03', '2013-09-19 18:22:47'),
(9, 15, 'Design', 0, NULL, '2013-07-31 07:48:39', '2013-09-19 18:22:47'),
(10, 15, 'Battery Life', 0, NULL, '2013-07-31 07:48:39', '2013-09-19 18:22:47'),
(11, 44, 'Design', 0, NULL, '2013-07-31 07:50:16', NULL),
(12, 44, 'Comfort', 0, NULL, '2013-07-31 07:50:16', NULL),
(13, 44, 'Versatility', 0, NULL, '2013-07-31 07:50:16', NULL),
(14, 44, 'Ventilation', 0, NULL, '2013-07-31 07:50:16', NULL),
(15, 44, 'Value', 0, NULL, '2013-07-31 07:50:16', NULL),
(20, 9, 'Sound Quality', 0, NULL, '2013-08-02 10:08:41', '2013-08-23 07:40:04'),
(21, 9, 'Versatility', 0, NULL, '2013-08-02 10:08:41', '2013-08-23 07:40:04'),
(22, 9, 'Connections', 0, NULL, '2013-08-02 10:08:41', '2013-08-23 07:40:04'),
(23, 9, 'Ease of Use', 0, NULL, '2013-08-02 10:08:41', '2013-08-23 07:40:04'),
(24, 10, 'Sound Quality', 0, NULL, '2013-08-02 10:10:43', '2013-08-07 21:03:50'),
(25, 10, 'Connectivity', 0, NULL, '2013-08-02 10:10:43', '2013-08-07 21:03:50'),
(26, 10, 'Battery Life', 0, NULL, '2013-08-02 10:10:43', '2013-08-07 21:03:50'),
(27, 10, 'Lightweight', 0, NULL, '2013-08-02 10:10:43', '2013-08-07 21:03:50'),
(28, 10, 'Design', 0, NULL, '2013-08-02 10:10:43', '2013-08-07 21:03:50'),
(29, 10, 'Ease of Use', 0, NULL, '2013-08-02 10:10:43', '2013-08-07 21:03:50'),
(30, 10, 'Value', 0, NULL, '2013-08-02 10:10:43', '2013-08-07 21:03:50'),
(31, 11, 'Sound Quality', 0, NULL, '2013-08-02 10:12:11', '2013-08-07 20:59:28'),
(32, 11, 'Design', 0, NULL, '2013-08-02 10:12:11', '2013-08-07 20:59:28'),
(33, 11, 'Comfort', 0, NULL, '2013-08-02 10:12:11', '2013-08-07 20:59:28'),
(34, 11, 'Noise Cancellation', 0, NULL, '2013-08-02 10:12:11', '2013-08-07 20:59:28'),
(35, 11, 'Durability', 0, NULL, '2013-08-02 10:12:11', '2013-08-07 20:59:28'),
(36, 11, 'Value', 0, NULL, '2013-08-02 10:12:11', '2013-08-07 20:59:28'),
(37, 12, 'Picture Quality', 0, NULL, '2013-08-02 10:13:46', '2013-08-09 15:26:29'),
(38, 12, 'Versatility', 0, NULL, '2013-08-02 10:13:46', '2013-08-09 15:26:29'),
(39, 12, 'Connections', 0, NULL, '2013-08-02 10:13:46', '2013-08-09 15:26:29'),
(40, 12, 'Value', 0, NULL, '2013-08-02 10:13:46', '2013-08-09 15:26:29'),
(41, 13, 'Display', 0, NULL, '2013-08-02 10:14:38', '2013-09-19 18:20:14'),
(42, 13, 'Performance', 0, NULL, '2013-08-02 10:14:38', '2013-09-19 18:20:14'),
(43, 13, 'Design', 0, NULL, '2013-08-02 10:14:38', '2013-09-19 18:20:14'),
(44, 13, 'Value', 0, NULL, '2013-08-02 10:14:38', '2013-09-19 18:20:14'),
(45, 17, 'Image Clarity', 0, NULL, '2013-08-02 10:17:49', '2013-08-07 21:15:04'),
(46, 17, 'Video Quality', 0, NULL, '2013-08-02 10:17:49', '2013-08-07 21:15:04'),
(47, 17, 'Versatility', 0, NULL, '2013-08-02 10:17:49', '2013-08-07 21:15:04'),
(48, 17, 'Capture Speed', 0, NULL, '2013-08-02 10:17:49', '2013-08-07 21:15:04'),
(49, 17, 'Lightweight', 0, NULL, '2013-08-02 10:17:49', '2013-08-07 21:15:04'),
(50, 17, 'Ease of Use', 0, NULL, '2013-08-02 10:17:49', '2013-08-07 21:15:04'),
(51, 17, 'Value', 0, NULL, '2013-08-02 10:17:49', '2013-08-07 21:15:04'),
(52, 18, 'Ink Life', 0, NULL, '2013-08-02 10:19:22', '2013-08-07 21:19:04'),
(53, 18, 'Image Clarity', 0, NULL, '2013-08-02 10:19:22', '2013-08-07 21:19:04'),
(54, 18, 'Print Speed', 0, NULL, '2013-08-02 10:19:22', '2013-08-07 21:19:04'),
(55, 18, 'Range', 0, NULL, '2013-08-02 10:19:22', '2013-08-07 21:19:04'),
(56, 18, 'Value', 0, NULL, '2013-08-02 10:19:22', '2013-08-07 21:19:04'),
(57, 19, 'Range', 0, NULL, '2013-08-02 10:21:26', '2013-08-08 15:06:54'),
(58, 19, 'Speed', 0, NULL, '2013-08-02 10:21:26', '2013-08-08 15:06:54'),
(59, 19, 'Reliability', 0, NULL, '2013-08-02 10:21:26', '2013-08-08 15:06:54'),
(60, 19, 'Easy Setup', 0, NULL, '2013-08-02 10:21:26', '2013-08-08 15:06:54'),
(61, 19, 'Value', 0, NULL, '2013-08-02 10:21:26', '2013-08-08 15:06:54'),
(62, 46, 'Sound Quality', 0, NULL, '2013-08-02 12:59:17', '2013-08-07 21:01:43'),
(63, 46, 'Versatility', 0, NULL, '2013-08-02 12:59:17', '2013-08-07 21:01:43'),
(64, 46, 'Ease of Use', 0, NULL, '2013-08-02 12:59:17', '2013-08-07 21:01:43'),
(65, 46, 'Value', 0, NULL, '2013-08-02 12:59:17', '2013-08-07 21:01:43'),
(66, 14, 'Battery Life', 0, NULL, '2013-08-07 21:05:29', '2013-08-15 20:22:53'),
(67, 16, 'Display', 0, NULL, '2013-08-07 21:09:43', '2013-08-08 08:54:45'),
(68, 16, 'Camera', 0, NULL, '2013-08-07 21:09:43', '2013-08-08 08:54:45'),
(69, 16, 'Design', 0, NULL, '2013-08-07 21:09:43', '2013-08-08 08:54:45'),
(70, 16, 'Battery Life', 0, NULL, '2013-08-07 21:09:43', '2013-08-08 08:54:45'),
(71, 16, 'Value', 0, NULL, '2013-08-07 21:09:43', '2013-08-08 08:54:45'),
(72, 47, 'Readability', 0, NULL, '2013-08-07 21:12:15', '2013-08-15 20:29:25'),
(73, 47, 'Page Turn', 0, NULL, '2013-08-07 21:12:15', '2013-08-15 20:29:25'),
(74, 47, 'Lightweight', 0, NULL, '2013-08-07 21:12:15', '2013-08-15 20:29:25'),
(75, 47, 'Library Selection', 0, NULL, '2013-08-07 21:12:15', '2013-08-15 20:29:25'),
(76, 47, 'Value', 0, NULL, '2013-08-07 21:12:15', '2013-08-15 20:29:25'),
(77, 51, 'Range', 0, NULL, '2013-08-08 15:07:55', NULL),
(78, 51, 'Speed', 0, NULL, '2013-08-08 15:07:55', NULL),
(79, 51, 'Reliability', 0, NULL, '2013-08-08 15:07:55', NULL),
(80, 51, 'Easy Setup', 0, NULL, '2013-08-08 15:07:55', NULL),
(81, 51, 'Value', 0, NULL, '2013-08-08 15:07:55', NULL),
(82, 9, 'Value', 0, NULL, '2013-08-09 15:25:36', '2013-08-23 07:40:04'),
(83, 54, 'Sound Quality', 0, NULL, '2013-08-11 13:40:36', NULL),
(84, 54, 'Design', 0, NULL, '2013-08-11 13:40:36', NULL),
(85, 54, 'Comfort', 0, NULL, '2013-08-11 13:40:36', NULL),
(86, 54, 'Noise Cancellation', 0, NULL, '2013-08-11 13:40:36', NULL),
(87, 54, 'Connectivity', 0, NULL, '2013-08-11 13:40:36', NULL),
(88, 54, 'Durability', 0, NULL, '2013-08-11 13:40:36', NULL),
(89, 54, 'Value', 0, NULL, '2013-08-11 13:40:36', NULL),
(90, 14, 'Value', 0, NULL, '2013-08-15 20:22:53', NULL),
(91, 15, 'Value', 0, NULL, '2013-08-15 20:25:00', '2013-09-19 18:22:47');

-- --------------------------------------------------------

--
-- Table structure for table `filter`
--

CREATE TABLE IF NOT EXISTS `filter` (
  `id` int(11) NOT NULL AUTO_INCREMENT,
  `category_id` int(11) NOT NULL,
  `create_date` datetime DEFAULT NULL,
  PRIMARY KEY (`id`),
  KEY `fk_filter_category` (`category_id`)
) ENGINE=InnoDB  DEFAULT CHARSET=utf8 AUTO_INCREMENT=16 ;

--
-- Dumping data for table `filter`
--

INSERT INTO `filter` (`id`, `category_id`, `create_date`) VALUES
(6, 9, '2013-10-04 10:07:53'),
(7, 55, '2013-10-04 10:11:32'),
(8, 12, '2013-10-04 10:12:06'),
(9, 13, '2013-10-04 10:14:18'),
(11, 15, '2013-10-04 10:17:10'),
(12, 50, '2013-10-04 10:19:38'),
(13, 17, '2013-10-04 10:20:31'),
(14, 18, '2013-10-04 10:21:41'),
(15, 14, '2013-10-31 08:28:40');

-- --------------------------------------------------------

--
-- Table structure for table `filter_value`
--

CREATE TABLE IF NOT EXISTS `filter_value` (
  `id` int(11) NOT NULL AUTO_INCREMENT,
  `filter_id` int(11) NOT NULL,
  `unique_id` int(11) NOT NULL,
  `name` varchar(255) NOT NULL,
  PRIMARY KEY (`id`),
  KEY `fk_filter__value_filterl` (`filter_id`),
  KEY `fk_filter_value_unique` (`unique_id`)
) ENGINE=InnoDB  DEFAULT CHARSET=utf8 AUTO_INCREMENT=43 ;

--
-- Dumping data for table `filter_value`
--

INSERT INTO `filter_value` (`id`, `filter_id`, `unique_id`, `name`) VALUES
(14, 6, 1, 'Number of Spekers'),
(15, 7, 633, 'Headphone Type'),
(16, 7, 633, 'Headphone Style'),
(17, 8, 656, 'Screen Size'),
(18, 8, 654, 'TV Type'),
(19, 9, 707, 'System Memory RAM'),
(20, 9, 703, 'Processor Brand'),
(21, 9, 727, 'Operating System Platform'),
(22, 9, 711, 'Hard Drive Size'),
(23, 9, 712, 'Graphics'),
(28, 11, 792, 'Carrier'),
(29, 11, 791, 'Operating System'),
(30, 12, 327, 'Operating System Platform'),
(31, 12, 305, 'Processor'),
(32, 12, 309, 'Screen Size'),
(33, 12, 323, 'Drive Capacity'),
(34, 12, 335, 'Wireless Capability'),
(35, 12, 308, 'Display Type'),
(36, 13, 850, 'Megapixals (Total)'),
(37, 13, 849, 'Megapixels (Effective)'),
(38, 14, 1012, 'Printer Capacity'),
(39, 15, 246, 'Screen Size'),
(40, 15, 241, 'Processor Brand'),
(41, 15, 248, 'System Memory RAM'),
(42, 15, 280, 'Operating System Platform');

-- --------------------------------------------------------

--
-- Table structure for table `follow`
--

CREATE TABLE IF NOT EXISTS `follow` (
  `id` int(11) NOT NULL AUTO_INCREMENT,
  `follower_id` int(11) NOT NULL,
  `following_id` int(11) NOT NULL,
  `create_date` datetime DEFAULT NULL,
  PRIMARY KEY (`id`),
  KEY `fk_followerId` (`follower_id`),
  KEY `fk_followingId` (`following_id`)
) ENGINE=InnoDB  DEFAULT CHARSET=utf8 AUTO_INCREMENT=53 ;

--
-- Dumping data for table `follow`
--

INSERT INTO `follow` (`id`, `follower_id`, `following_id`, `create_date`) VALUES
(23, 65, 63, '2013-09-20 10:22:30'),
(25, 1, 63, '2013-09-20 13:59:53'),
(26, 38, 63, '2013-09-20 17:39:21'),
(29, 38, 1, '2013-09-20 17:41:05'),
(31, 1, 38, '2013-09-20 17:44:10'),
(33, 63, 5, '2013-09-23 08:07:05'),
(37, 64, 5, '2013-09-30 12:53:32'),
(38, 64, 63, '2013-09-30 12:55:27'),
(39, 43, 63, '2013-10-07 11:58:49'),
(40, 63, 65, '2013-10-09 07:24:16'),
(42, 63, 1, '2013-10-10 11:56:10'),
(43, 38, 65, '2013-10-10 13:27:49'),
(44, 38, 5, '2013-10-10 13:27:59'),
(45, 78, 65, '2013-10-11 06:00:17'),
(46, 78, 43, '2013-10-11 06:00:24'),
(47, 63, 64, '2013-10-11 06:04:56'),
(49, 38, 64, '2013-10-12 16:47:06'),
(50, 43, 65, '2013-11-14 11:52:12'),
(51, 43, 1, '2013-11-14 19:29:55'),
(52, 1, 43, '2013-11-27 15:27:24');

-- --------------------------------------------------------

--
-- Table structure for table `ha_logins`
--

CREATE TABLE IF NOT EXISTS `ha_logins` (
  `id` int(11) NOT NULL AUTO_INCREMENT,
  `userId` int(11) DEFAULT NULL,
  `name` int(11) NOT NULL,
  `loginProvider` varchar(50) NOT NULL,
  `loginProviderIdentifier` varchar(100) NOT NULL,
  PRIMARY KEY (`id`)
) ENGINE=InnoDB  DEFAULT CHARSET=utf8 AUTO_INCREMENT=10 ;

--
-- Dumping data for table `ha_logins`
--

INSERT INTO `ha_logins` (`id`, `userId`, `name`, `loginProvider`, `loginProviderIdentifier`) VALUES
(2, 60, 0, 'Facebook', '564308889'),
(3, 68, 0, 'Facebook', '1460928374'),
(4, 69, 0, 'Facebook', '1460928374'),
(5, 70, 0, 'Facebook', '1460928374'),
(6, 71, 0, 'Facebook', '1460928374'),
(7, 73, 0, 'Facebook', '1460928374'),
(8, 74, 0, 'Facebook', '1460928374'),
(9, 77, 0, 'Facebook', '1509619173');

-- --------------------------------------------------------

--
-- Table structure for table `message`
--

CREATE TABLE IF NOT EXISTS `message` (
  `id` int(11) NOT NULL AUTO_INCREMENT,
  `message_id` int(11) DEFAULT NULL,
  `user_id` int(11) NOT NULL,
  `subject` varchar(100) NOT NULL,
  `message` text NOT NULL,
  `status` tinyint(1) NOT NULL,
  `is_deleted` tinyint(1) NOT NULL DEFAULT '0',
  `delete_date` datetime DEFAULT NULL,
  `create_date` datetime DEFAULT NULL,
  PRIMARY KEY (`id`),
  KEY `fk_user` (`user_id`),
  KEY `fk_message_id` (`message_id`)
) ENGINE=InnoDB  DEFAULT CHARSET=utf8 AUTO_INCREMENT=30 ;

--
-- Dumping data for table `message`
--

INSERT INTO `message` (`id`, `message_id`, `user_id`, `subject`, `message`, `status`, `is_deleted`, `delete_date`, `create_date`) VALUES
(1, NULL, 5, 'Hi', '<p>bye :)</p>\r\n<p><strong>bye</strong></p>\r\n<p><span style="text-decoration: underline;">bye</span></p>\r\n<p><em>bye</em></p>', 0, 1, '2013-07-24 07:49:54', '2013-07-18 08:03:22'),
(2, NULL, 5, 'Hi admin', '<p>How are you?</p>', 0, 1, '2013-07-24 07:51:52', '2013-07-18 08:03:44'),
(3, NULL, 35, 'aaaaaa', '<p>Hi Svet,</p>\r\n<p>Shouldnt i able to see subject same in reply field? or lets hide that subject field from reply button.</p>', 0, 0, NULL, '2013-07-18 08:16:34'),
(4, NULL, 5, 'Test message', '<p><strong>Hello&nbsp;</strong></p>\r\n<p><strong>Testing Testing</strong></p>', 0, 0, NULL, '2013-07-18 10:35:14'),
(5, NULL, 38, 'Test', '<p>Did you get this message?</p>', 0, 0, NULL, '2013-07-18 21:36:53'),
(6, NULL, 1, 'Test', '<p>Hello out there!</p>', 0, 1, '2013-08-14 13:04:26', '2013-07-18 21:37:56'),
(7, 3, 5, 'aaaaaa', '<p>hi ren</p>', 0, 0, NULL, '2013-07-20 03:12:57'),
(8, NULL, 43, 'Hi ', '<p>hi hi hi hi&nbsp;</p>\r\n<p>hihihi&nbsp;</p>\r\n<p>hi hih ih</p>', 0, 0, NULL, '2013-07-20 03:14:09'),
(9, NULL, 43, 'Testing for First message', '<p>Testing for First message descriptuon description...</p>', 1, 0, NULL, '2013-07-20 03:14:37'),
(10, 9, 5, 'Testing for First message', '<p>second message</p>', 0, 0, NULL, '2013-07-20 03:15:19'),
(11, 9, 5, 'Testing for First message', '<p>third message</p>', 0, 0, NULL, '2013-07-20 03:15:38'),
(12, NULL, 5, 'hi hi hi', '<p>hi&nbsp;</p>\r\n<p>hi</p>\r\n<p>hi</p>', 1, 0, NULL, '2013-07-20 03:17:19'),
(13, 12, 43, 'hi hi hi', '<p>Replied for hi hi hi message.</p>', 0, 0, NULL, '2013-07-20 03:26:23'),
(14, 12, 43, 'hi hi hi', '<p>Again replying to test it more and more and more.........</p>', 0, 0, NULL, '2013-07-20 03:26:46'),
(15, 12, 43, 'hi hi hi', '<p>Relping again again again for HI HI HI message&nbsp;</p>\r\n<p>hows work going??????????????</p>', 0, 0, NULL, '2013-07-20 03:27:24'),
(16, 12, 5, 'hi hi hi', '<p>is working good :)</p>', 0, 0, NULL, '2013-07-20 05:53:59'),
(17, 12, 43, 'hi hi hi', '<p>checking how is it working again with reply.......</p>', 0, 0, NULL, '2013-07-22 06:18:43'),
(18, NULL, 43, 'New Message on 22rd July, 2013', '<p>Hello Svet,</p>\r\n<p>Nice to see you here.&nbsp;</p>\r\n<p>Testing new message with reply structure.</p>', 1, 0, NULL, '2013-07-22 06:21:09'),
(19, 18, 5, 'New Message on 22rd July, 2013', '<p>Hi Ren,</p>\r\n<p>&nbsp;</p>\r\n<p>Hope you are good and enjoyed lot in weekends.</p>\r\n<p>Let''s start discussion here for product list page.</p>\r\n<p>&nbsp;</p>\r\n<p>Regards,</p>\r\n<p>Svet</p>', 0, 0, NULL, '2013-07-22 06:29:51'),
(21, NULL, 43, 'Wow, one message to multiple user', '<p>Happy to see that now i am able to send one message to multiple users...</p>\r\n<p>&nbsp;</p>\r\n<p>Yuppiiiiiiiiiii....................</p>', 1, 0, NULL, '2013-07-25 06:46:03'),
(23, NULL, 43, 'Sending again one message to multiple users', '<p>HEllooo</p>', 1, 0, NULL, '2013-07-25 06:54:07'),
(24, NULL, 43, 'Latest new message', '<p>Hiiii</p>\r\n<p>Hello</p>\r\n<p>Hiiii</p>\r\n<p>Helloooooooooooo</p>', 1, 0, NULL, '2013-07-25 09:01:13'),
(26, NULL, 43, 'Hello Sve/Denis', '<p>HHHHH</p>\r\n<p>Hellllooooo</p>', 1, 0, NULL, '2013-07-25 09:12:11'),
(27, NULL, 43, 'Testing for message.', '<p>Hi Team,</p>\r\n<p>Hope you are doing great.</p>\r\n<p>Regards,</p>', 1, 1, '2013-08-14 13:04:23', '2013-07-26 05:11:03'),
(28, 27, 35, 'Testing for message.', '<p>Hi Ren,</p>\r\n<p>Got yr message.</p>\r\n<p>Thanks. We are great.</p>\r\n<p>Will meet you soon.</p>', 0, 0, NULL, '2013-07-26 05:12:28'),
(29, 27, 43, 'Testing for message.', '<p>ok sure.&nbsp;</p>\r\n<p>Let me know time please.</p>', 0, 0, NULL, '2013-07-26 05:13:05');

-- --------------------------------------------------------

--
-- Table structure for table `message_to_user`
--

CREATE TABLE IF NOT EXISTS `message_to_user` (
  `id` int(11) NOT NULL AUTO_INCREMENT,
  `user_id` int(11) NOT NULL,
  `message_id` int(11) NOT NULL,
  `status` tinyint(1) DEFAULT NULL,
  PRIMARY KEY (`id`),
  KEY `fk_user_message` (`user_id`),
  KEY `fk_message_to_user` (`message_id`)
) ENGINE=InnoDB  DEFAULT CHARSET=utf8 AUTO_INCREMENT=36 ;

--
-- Dumping data for table `message_to_user`
--

INSERT INTO `message_to_user` (`id`, `user_id`, `message_id`, `status`) VALUES
(1, 35, 1, 3),
(3, 5, 3, 3),
(4, 5, 4, 3),
(5, 38, 5, 3),
(6, 1, 6, 3),
(7, 35, 7, 2),
(8, 43, 8, 2),
(9, 5, 9, 2),
(10, 43, 10, 2),
(11, 43, 11, 2),
(12, 43, 12, 2),
(13, 5, 13, 2),
(14, 5, 14, 2),
(15, 5, 15, 2),
(16, 43, 16, 2),
(17, 5, 17, 2),
(18, 5, 18, 2),
(19, 43, 19, 2),
(21, 5, 21, 2),
(24, 5, 23, 2),
(26, 5, 24, 2),
(29, 5, 26, 2),
(31, 1, 27, 2),
(32, 5, 27, 2),
(33, 35, 27, 2),
(34, 43, 28, 2),
(35, 35, 29, 1);

-- --------------------------------------------------------

--
-- Table structure for table `product`
--

CREATE TABLE IF NOT EXISTS `product` (
  `id` int(11) NOT NULL AUTO_INCREMENT,
  `name` varchar(150) NOT NULL,
  `alias` varchar(255) DEFAULT NULL,
  `slug` varchar(100) NOT NULL,
  `model` varchar(100) DEFAULT NULL,
  `upc` varchar(100) DEFAULT NULL,
  `image` varchar(100) NOT NULL,
  `description` longtext NOT NULL,
  `status` tinyint(1) NOT NULL DEFAULT '1',
  `create_date` datetime DEFAULT NULL,
  `update_date` datetime DEFAULT NULL,
  `category_id` int(11) DEFAULT NULL,
  `sub_category_id` int(11) DEFAULT NULL,
  `brand_id` int(11) DEFAULT NULL,
  `is_deleted` tinyint(1) NOT NULL DEFAULT '0',
  `delete_date` datetime DEFAULT NULL,
  PRIMARY KEY (`id`),
  KEY `fk_subcategoryId` (`sub_category_id`),
  KEY `fk_categoryId` (`category_id`),
  KEY `fk_brandId` (`brand_id`)
) ENGINE=InnoDB  DEFAULT CHARSET=utf8 AUTO_INCREMENT=21 ;

--
-- Dumping data for table `product`
--

INSERT INTO `product` (`id`, `name`, `alias`, `slug`, `model`, `upc`, `image`, `description`, `status`, `create_date`, `update_date`, `category_id`, `sub_category_id`, `brand_id`, `is_deleted`, `delete_date`) VALUES
(1, 'Acer - 11.6" Chromebook - Intel Celeron - 2GB Memory - 32GB Solid State Drive - Granite Gray', 'acer-116-chromebook-intel-celeron-2gb-memory-32gb-solid-state-drive-granite-gray-5490017', '5490017', 'C720-2420', '887899402517', 'acf7f36cb9e9d67923df34d3cd27412d.jpg', 'Featuring Intel&#174; HD graphics with 128MB of dedicated video memory, this Acer C720-2420 Chromebook delivers strikingly realistic visuals. The Intel&#174; Celeron&#174; processor delivers reliability for everyday mobile computing.', 1, '2014-05-29 08:08:58', '2014-05-29 08:13:16', 2, 14, 170, 0, NULL),
(2, 'Acer - 11.6" Touch-Screen Chromebook - Intel Celeron - 2GB Memory - 32GB Solid State Drive - Moonstone White', 'acer-116-touch-screen-chromebook-intel-celeron-2gb-memory-32gb-solid-state-drive-moonstone-white-5840111', '5840111', 'C720P-2600', '887899420177', '72c5e04aef89569d5833d5accbaa5978.jpg', 'This Acer C720P-2600 Chromebook''s 11.6" display features a 10-finger multitouch interface that lets you easily navigate features with a high level of accuracy. The Intel&#174; Celeron&#174; processor delivers reliability for everyday mobile computing.', 1, '2014-05-29 08:09:07', '2014-05-29 08:13:16', 2, 14, 170, 0, NULL),
(3, 'Acer - 11.6" Touch-Screen Chromebook - Intel Celeron - 2GB Memory - 32GB Solid State Drive - Moonstone White', 'acer-116-touch-screen-chromebook-intel-celeron-2gb-memory-32gb-solid-state-drive-moonstone-white-4591017', '4591017', 'C720P-2661', '887899424120', 'e7b0ef604d77c35c2cf88a863c300a4c.jpg', 'This Acer C720P-2661 Chromebook''s 11.6" touch screen displays content in high-definition and simplifies navigation. The Intel&#174; Celeron&#174; processor delivers reliability for everyday mobile computing.', 1, '2014-05-29 08:09:24', '2014-05-29 08:13:16', 2, 14, 170, 0, NULL),
(4, 'Acer - 14" Touch-Screen Laptop - Intel Core i5 - 6GB Memory - 500GB HDD + 20GB Solid State Drive - Silver', 'acer-14-touch-screen-laptop-intel-core-i5-6gb-memory-500gb-hdd-20gb-solid-state-drive-silver-5009309', '5009309', 'M5481PT6819', '887899447044', 'ad2297bfe1ea87bf5b4f7d0fb4a7a05a.jpg', 'Learn more about the New Windows  This Acer Aspire M5481PT6819 laptop''s 14" LED-backlit multitouch display makes it easy to navigate features and showcases visuals in sharp high-definition. A built-in wireless LAN lets you access Web-based media and other Internet content.', 1, '2014-05-29 08:09:31', '2014-05-29 08:13:16', 2, 14, 170, 0, NULL),
(5, 'Acer - 14" TravelMate Notebook - 4 GB Memory - 500 GB Hard Drive', 'acer-14-travelmate-notebook-4-gb-memory-500-gb-hard-drive-5616133', '5616133', 'TM6495T-52544G50Mtkk', '886541520302', '1a2ee350db98c3fb7725a66618039db0.jpg', 'The Acer TravelMate Series of notebooks features dependable processing power, wide ranging communication capabilities, and indispensible security solutions to empower mobile professionals like you. Designed to keep your business running while you are on the move, this streamlined notebook boasts corporate level manageability and convenient handling. An eco-friendly design and energy conserving features help save cost, as well as the environment.', 1, '2014-05-29 08:09:40', '2014-05-29 08:13:16', 2, 14, 170, 0, NULL),
(6, 'Acer - 15.6" Laptop - Intel Core i3 - 4GB Memory - 500GB Hard Drive - Steel Gray', 'acer-156-laptop-intel-core-i3-4gb-memory-500gb-hard-drive-steel-gray-4120137', '4120137', 'E1-570-6417', '887899327780', '2e59bca769656bdafbcf0d68a238647c.jpg', 'Learn more about the New Windows  Surf the Web with this Acer E1-570-6417 laptop that features a high-speed wireless LAN for quick and easy Internet access. The double-layer DVD&#177;RW/CD-RW drive lets you create personalized CDs and DVDs, so you can archive and share your digital media.', 1, '2014-05-29 08:09:46', '2014-05-29 08:13:16', 2, 14, 170, 0, NULL),
(7, 'Acer - 17.3" Laptop - Intel Core i7 - 12GB Memory - 1TB Hard Drive - Black', 'acer-173-laptop-intel-core-i7-12gb-memory-1tb-hard-drive-black-1334135', '1334135', 'V3-772G-9460', '887899138393', '3d217b11261229754d13b70fb4181134.jpg', 'Learn more about Windows 8  Enjoy games and movies in crisp high-definition with this Acer V3-772G-9460 laptop, which features a 17.3" display and NVIDIA GeForce GTX 760M graphics with 2GB dedicated video memory for sharp visuals. The 12GB of memory ensure rapid multitasking.', 1, '2014-05-29 08:09:54', '2014-05-29 08:13:16', 2, 14, 170, 0, NULL),
(8, 'Acer - Aspire 11.6" Laptop - AMD A4-Series - 4GB Memory - 500GB Hard Drive - Silver', 'acer-aspire-116-laptop-amd-a4-series-4gb-memory-500gb-hard-drive-silver-1651022', '1651022', 'NX.M8WAA.006', '887899159503', '4ea5c54814a96029a082f4784cba2f8d.jpg', 'Learn more about the New Windows  Stream your favorite Internet-based content using this Acer Aspire NX.M8WAA.006 laptop''s built-in wireless LAN, which enables fast and simple connection to the Web. The 11.6" active-matrix TFT-LCD display showcases your media with rich, vibrant colors.', 1, '2014-05-29 08:10:01', '2014-05-29 08:13:16', 2, 14, 170, 0, NULL),
(9, 'Acer - Aspire 11.6" Laptop - Intel Celeron - 4GB Memory - 500GB Hard Drive - Black', 'acer-aspire-116-laptop-intel-celeron-4gb-memory-500gb-hard-drive-black-5009295', '5009295', 'V51312680', '887899443183', '53748a08878ca1a549471ecf836d59de.jpg', 'This 11.6" Acer Aspire V51312680 laptop''s built-in wireless LAN allows fast Internet connectivity, so you can access your favorite Web-based media on the go. The Intel&#174; Celeron&#174; processor delivers reliability for everyday mobile computing.', 1, '2014-05-29 08:10:08', '2014-05-29 08:13:16', 2, 14, 170, 0, NULL),
(10, 'Acer - Aspire 11.6" Touch-Screen Laptop - 4GB Memory - 500GB Hard Drive - Chill Silver', 'acer-aspire-116-touch-screen-laptop-4gb-memory-500gb-hard-drive-chill-silver-9474165', '9474165', 'V5-122P-0643', '887899112874', '44f182efe8eb2933324e7c82457b76a2.jpg', 'Learn more about the New Windows  This Acer Aspire V5-122P-0643 laptop features an 11.6" LED 10-point multitouch display that showcases high-definition graphics and makes navigating features simple. A built-in wireless LAN lets you stream Web-based content.', 1, '2014-05-29 08:10:15', '2014-05-29 08:13:16', 2, 14, 170, 0, NULL),
(11, 'Acer - Aspire 11.6" Touch-Screen Laptop - AMD A4-Series - 4GB Memory - 500GB Hard Drive - Chill Silver', 'acer-aspire-116-touch-screen-laptop-amd-a4-series-4gb-memory-500gb-hard-drive-chill-silver-4341002', '4341002', 'V5-122P-0869', '887899529726', '7b1dddd2bc7738eb79f30ce8751bc253.jpg', 'Learn more about the New Windows  This Acer Aspire V5-122P-0869 laptop''s 11.6" 10-point multitouch screen lets you use scroll, flick, pinch and rotate motions to easily navigate through Web pages and other displayed content. The Bluetooth 4.0 interface allows simple wireless pairing.', 1, '2014-05-29 08:10:29', '2014-05-29 08:13:35', 2, 14, 170, 0, NULL),
(12, 'Acer - Aspire 11.6" Touch-Screen Laptop - AMD A4-Series - 4GB Memory - 500GB Hard Drive - Silver', 'acer-aspire-116-touch-screen-laptop-amd-a4-series-4gb-memory-500gb-hard-drive-silver-5009354', '5009354', 'V5122P0482', '887899327728', '13f87831ebd27802c7909705eb59a0ed.jpg', 'Learn more about the New Windows  Easily navigate media, Web content and more with this Acer Aspire V5122P0482 laptop''s 11.6" touch screen, which simplifies use and delivers crisp high-definition images. The 500GB hard drive offers ample space for storing music, videos, photos and more.', 1, '2014-05-29 08:10:37', '2014-05-29 08:13:35', 2, 14, 170, 0, NULL),
(13, 'Acer - Aspire 13.3" Touch-Screen Laptop - Intel Core i5 - 8GB Memory - 256GB Solid State Drive - Crystal White', 'acer-aspire-133-touch-screen-laptop-intel-core-i5-8gb-memory-256gb-solid-state-drive-crystal-white-4681034', '4681034', 'S7-392-6484', '887899327766', '8499922a2abe6ce785732472c3c365d0.jpg', 'Learn more about the New Windows  Easily navigate stored files and Web content with this Acer Aspire S7 Series S7-392-6484 laptop, which features a 13.3" high-definition touch screen with IPS technology for lush images. Built-in Wi-Fi allows simple wireless Internet connection.', 1, '2014-05-29 08:10:43', '2014-05-29 08:13:35', 2, 14, 170, 0, NULL),
(14, 'Acer - Aspire 13.3" Touch-Screen Laptop - Intel Core i7 - 8GB Memory - 256GB Solid State Drive - Crystal White', 'acer-aspire-133-touch-screen-laptop-intel-core-i7-8gb-memory-256gb-solid-state-drive-crystal-white-1706181', '1706181', 'NX.MBKAA.009', '887899161476', '8c3c4707113efa64a6b92fff5eea63f3.jpg', 'Learn more about the New Windows  With triple-display support, this Acer Aspire S7 Series Ultrabook NX.MBKAA.009 laptop makes it easy to view visuals in enhanced detail on connected displays (not included). The 13.3" 10-point multitouch screen lets you quickly navigate content.', 1, '2014-05-29 08:10:50', '2014-05-29 08:13:35', 2, 14, 170, 0, NULL),
(15, 'Acer - Aspire 14" Touch-Screen Laptop - 4GB Memory - 500GB Hard Drive - Piano Black', 'acer-aspire-14-touch-screen-laptop-4gb-memory-500gb-hard-drive-piano-black-1883079', '1883079', 'E1-470P-6659', '887899322075', '9241a2bacb90ce5eea3c2e1338e82d6d.jpg', 'Acer Aspire E1-470P-6659 Laptop: Access sophisticated features and cutting-edge technology. Bright, fast and responsive, this laptop has the tools you need for work, school and entertainment. Because it''s slim and portable, it is ideal for those who wish to travel light without sacrificing connectivity.   Learn more about the New Windows &#8250;', 1, '2014-05-29 08:10:55', '2014-05-29 08:13:35', 2, 14, 170, 0, NULL),
(16, 'Acer - Aspire 14" Touch-Screen Laptop - Intel Core i5 - 8GB Memory - 1TB Hard Drive - Arctic Rose', 'acer-aspire-14-touch-screen-laptop-intel-core-i5-8gb-memory-1tb-hard-drive-arctic-rose-5009345', '5009345', 'V5473P6890', '887899499593', 'e2c8e4a28cb22562af4c3f9c791a90bf.jpg', 'Learn more about the New Windows  Enjoy your media with this Acer Aspire V5473P6890 laptop''s 14" high-definition touch-screen display, which features IPS (in-plane switching) technology for crisp images and simplifies navigation. The 1TB hard drive offers ample space for storing files.', 1, '2014-05-29 08:11:04', '2014-05-29 08:13:35', 2, 14, 170, 0, NULL),
(17, 'Acer - Aspire 14" Touch-Screen Laptop - Intel Pentium - 4GB Memory - 500GB Hard Drive - Gray', 'acer-aspire-14-touch-screen-laptop-intel-pentium-4gb-memory-500gb-hard-drive-gray-5009066', '5009066', 'V5472P4626', '887899512339', 'f08bae4d896d97be25608ffd5940ef49.jpg', 'Learn more about the New Windows  This Acer Aspire V5472P4626 laptop''s 14" multitouch display enables simple navigation. An Intel&#174; Pentium&#174; processor elevates multitasking capabilities, boosts productivity and enhances your entertainment and Internet browsing experiences.', 1, '2014-05-29 08:11:13', '2014-05-29 08:13:35', 2, 14, 170, 0, NULL),
(18, 'Acer - Aspire 15.6" Laptop - Intel Celeron - 4GB Memory - 500GB Hard Drive - Black', 'acer-aspire-156-laptop-intel-celeron-4gb-memory-500gb-hard-drive-black-5009268', '5009268', 'E15322616', '887899443275', '389b0142151e6459bad91ddfba365ccd.jpg', 'View your favorite media on this Acer Aspire E15322616 laptop''s 15.6" LED-backlit active-matrix TFT-LCD display, which presents images in 1366 x 768 resolution. The Intel&#174; Celeron&#174; processor delivers reliability for everyday mobile computing.', 1, '2014-05-29 08:11:19', '2014-05-29 08:13:35', 2, 14, 170, 0, NULL),
(19, 'Acer - Aspire 15.6" Laptop - Intel Celeron - 4GB Memory - 500GB Hard Drive - Red', 'acer-aspire-156-laptop-intel-celeron-4gb-memory-500gb-hard-drive-red-5009327', '5009327', 'E15322635', '887899435058', 'ff10383821ad1b19fe833d9710afa383.jpg', 'View your favorite media on this Acer Aspire E15322635 laptop''s 15.6" LED-backlit active-matrix TFT-LCD display, which presents images in 1366 x 768 resolution. The Intel&#174; Celeron&#174; processor delivers reliability for everyday mobile computing.', 1, '2014-05-29 08:11:25', '2014-05-29 08:13:35', 2, 14, 170, 0, NULL),
(20, 'Acer - Aspire 15.6" Laptop - Intel Core i3 - 4GB Memory - 500GB Hard Drive - Red', 'acer-aspire-156-laptop-intel-core-i3-4gb-memory-500gb-hard-drive-red-5009222', '5009222', 'E15726484', '887899443268', 'e4913440e9392f786bb416ad26234aaf.jpg', 'Featuring a 15.6" high-definition display with 1366 x 768 resolution, this Acer Aspire E15726484 laptop delivers strikingly clear visuals. The built-in wireless LAN makes it easy to access your e-mail, stream Internet-based content and more.', 1, '2014-05-29 08:11:30', '2014-05-29 08:13:35', 2, 14, 170, 0, NULL);

-- --------------------------------------------------------

--
-- Table structure for table `product_attribute`
--

CREATE TABLE IF NOT EXISTS `product_attribute` (
  `id` int(11) NOT NULL AUTO_INCREMENT,
  `product_id` int(11) NOT NULL,
  `key` varchar(100) NOT NULL,
  `value` longtext NOT NULL,
  PRIMARY KEY (`id`),
  KEY `fk_productAttribute_productId` (`product_id`)
) ENGINE=InnoDB  DEFAULT CHARSET=utf8 AUTO_INCREMENT=912 ;

--
-- Dumping data for table `product_attribute`
--

INSERT INTO `product_attribute` (`id`, `product_id`, `key`, `value`) VALUES
(1, 1, 'Processor Brand', 'Intel&#174;'),
(2, 1, 'Processor', 'Intel&#174; Celeron&#174;'),
(3, 1, 'Processor Speed', '1.4GHz'),
(4, 1, 'Battery Type', '3-cell Lithium Polymer (Li-Polymer) 3950 mAh'),
(5, 1, 'Display Type', 'HD widescreen LED'),
(6, 1, 'Screen Size (Measured Diagonally)', '11.6"'),
(7, 1, 'Cache Memory', '2MB on die Level 3'),
(8, 1, 'System Memory (RAM)', '2GB'),
(9, 1, 'System Memory (RAM) Expandable To', 'Nonexpandable'),
(10, 1, 'Type of Memory (RAM)', 'DDR3L SDRAM'),
(11, 1, 'Hard Drive Type', 'SSD (Solid State Drive)'),
(12, 1, 'Computer Hard Drive Size', '32GB'),
(13, 1, 'Optical Drive', 'Not included'),
(14, 1, 'Direct-Disc Labeling', 'No'),
(15, 1, 'Digital Media Reader or Slots', 'Yes, digital media card reader'),
(16, 1, 'Graphics', 'Intel&#174; HD'),
(17, 1, 'Video Memory', '128MB (dedicated)'),
(18, 1, 'TV Tuner', 'No'),
(19, 1, 'MPEG', 'No'),
(20, 1, 'Built-in Webcam', 'Yes'),
(21, 1, 'Modem', 'None'),
(22, 1, 'Networking', 'None'),
(23, 1, 'Wireless Networking', 'Wireless-A+B+G+N'),
(24, 1, 'Bluetooth-Enabled', 'Yes'),
(25, 1, 'S-Video Outputs', 'None'),
(26, 1, 'Audio', 'High-definition'),
(27, 1, 'Speakers', 'Internal'),
(28, 1, 'PCMCIA Slots', 'None'),
(29, 1, 'USB 2.0 Ports', '1 USB 3.0; 1 USB 2.0'),
(30, 1, 'IEEE 1394 FireWire Ports', 'None'),
(31, 1, 'Parallel Ports', 'None'),
(32, 1, 'Game Ports', 'None'),
(33, 1, 'Laptop Weight', 'Ultraportable (5.5 lbs. or less)'),
(34, 1, 'Battery Life', 'Not available'),
(35, 1, 'Pointing Device', 'Fully clickable touchpad with click-anywhere functionality and support for 1-finger touch to left-click, 2-finger touch to right-click and 2-finger scrolling'),
(36, 1, 'HDMI Output', 'Yes'),
(37, 1, 'Blu-ray Player', 'No'),
(38, 1, 'Operating System Platform', 'Chrome'),
(39, 1, 'Operating System', 'Chrome OS'),
(40, 1, 'ENERGY STAR Certified', 'Yes'),
(41, 1, 'Best Buy PC App', 'No'),
(42, 1, 'Graphics Chip', 'Intel'),
(43, 1, 'Drive Capacity', '32GB'),
(44, 1, 'Graphics Card', 'Intel&#174; HD'),
(45, 1, 'EPEAT Qualified', 'No'),
(46, 2, 'Processor Brand', 'Intel&#174;'),
(47, 2, 'Processor', 'Intel&#174; Celeron&#174;'),
(48, 2, 'Processor Speed', '1.4GHz'),
(49, 2, 'Battery Type', '3-cell Lithium Polymer (Li-Polymer) 3950 mAh'),
(50, 2, 'Display Type', 'HD widescreen LED touchscreen'),
(51, 2, 'Screen Size (Measured Diagonally)', '11.6"'),
(52, 2, 'Cache Memory', '2MB on die Level 3'),
(53, 2, 'System Memory (RAM)', '2GB'),
(54, 2, 'System Memory (RAM) Expandable To', 'Nonexpandable'),
(55, 2, 'Type of Memory (RAM)', 'DDR3L SDRAM'),
(56, 2, 'Hard Drive Type', 'SSD (Solid State Drive)'),
(57, 2, 'Computer Hard Drive Size', '32GB'),
(58, 2, 'Optical Drive', 'Not included'),
(59, 2, 'Direct-Disc Labeling', 'No'),
(60, 2, 'Digital Media Reader or Slots', 'Yes, digital media card reader'),
(61, 2, 'Graphics', 'Intel&#174; HD'),
(62, 2, 'Video Memory', '128MB (dedicated)'),
(63, 2, 'TV Tuner', 'No'),
(64, 2, 'MPEG', 'No'),
(65, 2, 'Built-in Webcam', 'Yes'),
(66, 2, 'Modem', 'None'),
(67, 2, 'Networking', 'None'),
(68, 2, 'Wireless Networking', 'Wireless-A+B+G+N'),
(69, 2, 'Bluetooth-Enabled', 'Yes'),
(70, 2, 'S-Video Outputs', 'None'),
(71, 2, 'Audio', 'High-definition'),
(72, 2, 'Speakers', 'Internal'),
(73, 2, 'PCMCIA Slots', 'None'),
(74, 2, 'USB 2.0 Ports', '1 USB 3.0; 1 USB 2.0'),
(75, 2, 'IEEE 1394 FireWire Ports', 'None'),
(76, 2, 'Parallel Ports', 'None'),
(77, 2, 'Game Ports', 'None'),
(78, 2, 'Laptop Weight', 'Ultraportable (5.5 lbs. or less)'),
(79, 2, 'Battery Life', 'Not available'),
(80, 2, 'Pointing Device', 'Fully clickable touchpad with click-anywhere functionality and support for 1-finger touch to left-click, 2-finger touch to right-click and 2-finger scrolling'),
(81, 2, 'HDMI Output', 'Yes'),
(82, 2, 'Blu-ray Player', 'No'),
(83, 2, 'Touchscreen', 'Yes'),
(84, 2, 'Operating System Platform', 'Chrome'),
(85, 2, 'Operating System', 'Chrome OS'),
(86, 2, 'ENERGY STAR Certified', 'Yes'),
(87, 2, 'Best Buy PC App', 'No'),
(88, 2, 'Graphics Chip', 'Intel'),
(89, 2, 'Drive Capacity', '32GB'),
(90, 2, 'Graphics Card', 'Intel&#174; HD'),
(91, 2, 'EPEAT Qualified', 'No'),
(92, 3, 'Processor Brand', 'Intel&#174;'),
(93, 3, 'Processor', 'Intel&#174; Celeron&#174;'),
(94, 3, 'Processor Speed', '1.4GHz'),
(95, 3, 'Battery Type', '3-cell Lithium Polymer (Li-Polymer)'),
(96, 3, 'Display Type', 'HD widescreen LED touchscreen'),
(97, 3, 'Screen Size (Measured Diagonally)', '11.6"'),
(98, 3, 'Cache Memory', '2MB on die Level 3'),
(99, 3, 'System Memory (RAM)', '2GB'),
(100, 3, 'System Memory (RAM) Expandable To', 'Nonexpandable'),
(101, 3, 'Type of Memory (RAM)', 'DDR3L SDRAM'),
(102, 3, 'Hard Drive Type', 'SSD (Solid State Drive)'),
(103, 3, 'Computer Hard Drive Size', '32GB'),
(104, 3, 'Optical Drive', 'Not included'),
(105, 3, 'Direct-Disc Labeling', 'No'),
(106, 3, 'Digital Media Reader or Slots', 'Yes, digital media card reader'),
(107, 3, 'Graphics', 'Intel&#174; HD'),
(108, 3, 'Video Memory', '128MB (dedicated)'),
(109, 3, 'TV Tuner', 'No'),
(110, 3, 'MPEG', 'No'),
(111, 3, 'Built-in Webcam', 'Yes'),
(112, 3, 'Modem', 'None'),
(113, 3, 'Networking', 'None'),
(114, 3, 'Wireless Networking', 'Wireless-A+B+G+N'),
(115, 3, 'Bluetooth-Enabled', 'Yes'),
(116, 3, 'S-Video Outputs', 'None'),
(117, 3, 'Audio', 'High-definition support'),
(118, 3, 'Speakers', 'Internal'),
(119, 3, 'PCMCIA Slots', 'None'),
(120, 3, 'USB 2.0 Ports', '1 USB 3.0; 1 USB 2.0'),
(121, 3, 'IEEE 1394 FireWire Ports', 'None'),
(122, 3, 'Parallel Ports', 'None'),
(123, 3, 'Game Ports', 'None'),
(124, 3, 'Laptop Weight', 'Ultraportable (5.5 lbs. or less)'),
(125, 3, 'Battery Life', 'Up to 7 hours and 30 minutes'),
(126, 3, 'Pointing Device', 'Fully clickable touchpad with click-anywhere functionality and 1-finger touch to left click, 2-finger touch to right click and 2-finger scrolling support'),
(127, 3, 'HDMI Output', 'Yes'),
(128, 3, 'Blu-ray Player', 'No'),
(129, 3, 'Touchscreen', 'Yes'),
(130, 3, 'Operating System Platform', 'Chrome'),
(131, 3, 'Operating System', 'Chrome OS'),
(132, 3, 'Operating System Bit Version', '64-bit'),
(133, 3, 'ENERGY STAR Certified', 'No'),
(134, 3, 'Best Buy PC App', 'No'),
(135, 3, 'Graphics Chip', 'Intel'),
(136, 3, 'Drive Capacity', '32GB'),
(137, 3, 'Graphics Card', 'Intel&#174; HD'),
(138, 3, 'EPEAT Qualified', 'No'),
(139, 4, 'Processor Brand', 'Intel&#174;'),
(140, 4, 'Processor', 'Intel&#174; 3rd Generation Core&#8482; i5'),
(141, 4, 'Processor Speed', '1.8GHz (with Turbo Boost up to 2.7GHz)'),
(142, 4, 'Battery Type', '3-cell Lithium Polymer (Li-Polymer)'),
(143, 4, 'Display Type', 'HD widescreen LED touchscreen'),
(144, 4, 'Screen Size (Measured Diagonally)', '14"'),
(145, 4, 'Cache Memory', '3MB'),
(146, 4, 'System Memory (RAM)', '6GB'),
(147, 4, 'Type of Memory (RAM)', 'DDR3 SDRAM'),
(148, 4, 'Hard Drive Type', 'SATA (5400 rpm) and SSD (Solid State Drive)'),
(149, 4, 'Computer Hard Drive Size', '520GB'),
(150, 4, 'Optical Drive', 'DVD&#177;RW/CD-RW'),
(151, 4, 'Optical Drive Speeds', 'Drive speeds not specified'),
(152, 4, 'Direct-Disc Labeling', 'No'),
(153, 4, 'Digital Media Reader or Slots', 'Yes, digital media card reader'),
(154, 4, 'Graphics', 'Intel&#174; HD Graphics 4000'),
(155, 4, 'Video Memory', 'Shared'),
(156, 4, 'TV Tuner', 'No'),
(157, 4, 'MPEG', 'Yes'),
(158, 4, 'Built-in Webcam', 'Yes'),
(159, 4, 'Modem', 'None'),
(160, 4, 'Networking', 'Built-in Gigabit Ethernet LAN (RJ-45 connector)'),
(161, 4, 'Wireless Networking', 'Wireless-A+B+G+N'),
(162, 4, 'Bluetooth-Enabled', 'Yes'),
(163, 4, 'S-Video Outputs', 'None'),
(164, 4, 'Speakers', 'Internal'),
(165, 4, 'PCMCIA Slots', 'None'),
(166, 4, 'USB 2.0 Ports', '2 USB 3.0'),
(167, 4, 'IEEE 1394 FireWire Ports', 'None'),
(168, 4, 'Parallel Ports', 'None'),
(169, 4, 'Game Ports', 'None'),
(170, 4, 'Laptop Weight', 'Ultraportable (5.5 lbs. or less)'),
(171, 4, 'Battery Life', 'Not available'),
(172, 4, 'Pointing Device', 'TouchPad'),
(173, 4, 'HDMI Output', 'Yes'),
(174, 4, 'Blu-ray Player', 'No'),
(175, 4, 'Touchscreen', 'Yes'),
(176, 4, 'Operating System Platform', 'Windows'),
(177, 4, 'Operating System', 'Windows 8'),
(178, 4, 'Operating System Bit Version', '64-bit'),
(179, 4, 'ENERGY STAR Certified', 'No'),
(180, 4, 'Best Buy PC App', 'No'),
(181, 4, 'Graphics Chip', 'Intel'),
(182, 4, 'Drive Capacity', '520GB'),
(183, 4, 'Graphics Card', 'Intel&#174; HD Graphics 4000'),
(184, 4, 'EPEAT Qualified', 'No'),
(185, 5, 'Processor Brand', 'Intel&#174;'),
(186, 5, 'Processor', 'Intel&#174; Core&#8482; i5'),
(187, 5, 'Processor Speed', '2.60GHz'),
(188, 5, 'Battery Type', '6-cell Lithium Ion (Li-Ion) 6000 mAh'),
(189, 5, 'Display Type', 'Widescreen Active Matrix TFT Color LCD LED Backlit with ComfyView Technology'),
(190, 5, 'Screen Size (Measured Diagonally)', '14"'),
(191, 5, 'Cache Memory', '3MB'),
(192, 5, 'System Memory (RAM)', '4GB'),
(193, 5, 'System Memory (RAM) Expandable To', '8GB'),
(194, 5, 'Type of Memory (RAM)', 'DDR3 SDRAM'),
(195, 5, 'Hard Drive Type', 'Serial ATA 7200 RPM HDD'),
(196, 5, 'Computer Hard Drive Size', '500GB'),
(197, 5, 'Optical Drive', 'DVD&#177;RW/CD-RW'),
(198, 5, 'Digital Media Reader or Slots', 'Yes'),
(199, 5, 'Graphics', 'Intel HD 3000'),
(200, 5, 'TV Tuner', 'No'),
(201, 5, 'Built-in Webcam', 'Yes'),
(202, 5, 'Networking', 'Gigabit Ethernet LAN (RJ-45 Connector)'),
(203, 5, 'Wireless Networking', 'IEEE 802.11a/b/g/n'),
(204, 5, 'Bluetooth-Enabled', 'Yes'),
(205, 5, 'PCMCIA Slots', 'ExpressCard/34'),
(206, 5, 'USB 2.0 Ports', '2'),
(207, 5, 'Pointing Device', 'TouchPad'),
(208, 5, 'HDMI Output', 'Yes'),
(209, 5, 'Blu-ray Player', 'No'),
(210, 5, 'Operating System Platform', 'Windows'),
(211, 5, 'Operating System', 'Windows 7 Professional'),
(212, 5, 'Operating System Bit Version', '64-bit'),
(213, 5, 'Included Software', 'Microsoft&#174; Office Starter: reduced-functionality Word and Excel&#174; only, with advertising. No PowerPoint&#174; or Outlook&#174;. Buy Office 2010 to use the full-featured software.Bing&#8482; BarWindows Live&#8482; Essentials'),
(214, 5, 'Green Compliance', 'EPEAT Silver|Energy Star'),
(215, 5, 'ENERGY STAR Certified', 'Yes'),
(216, 5, 'Graphics Chip', 'Intel'),
(217, 5, 'Wireless Capability', 'Wi-Fi'),
(218, 5, 'Drive Capacity', '500GB'),
(219, 5, 'Memory Slots Total', '2'),
(220, 5, 'Integrated Microphone', 'Yes'),
(221, 6, 'Processor Brand', 'Intel&#174;'),
(222, 6, 'Processor', 'Intel&#174; 3rd Generation Core&#8482; i3'),
(223, 6, 'Processor Speed', '1.8GHz'),
(224, 6, 'Battery Type', '4-cell Lithium Ion (Li-Ion)'),
(225, 6, 'Display Type', 'HD widescreen LED'),
(226, 6, 'Screen Size (Measured Diagonally)', '15.6"'),
(227, 6, 'Cache Memory', '3MB'),
(228, 6, 'System Memory (RAM)', '4GB'),
(229, 6, 'System Memory (RAM) Expandable To', '8GB'),
(230, 6, 'Type of Memory (RAM)', 'DDR3 SDRAM'),
(231, 6, 'Hard Drive Type', 'SATA (5400 rpm)'),
(232, 6, 'Computer Hard Drive Size', '500GB'),
(233, 6, 'Optical Drive', 'Double-layer DVD&#177;RW/CD-RW'),
(234, 6, 'Optical Drive Speeds', 'Drive speeds not specified'),
(235, 6, 'Direct-Disc Labeling', 'No'),
(236, 6, 'Digital Media Reader or Slots', 'Yes, digital media card reader'),
(237, 6, 'Graphics', 'Intel&#174; HD'),
(238, 6, 'Video Memory', '128MB (dedicated)'),
(239, 6, 'TV Tuner', 'No'),
(240, 6, 'MPEG', 'Yes'),
(241, 6, 'Built-in Webcam', 'Yes'),
(242, 6, 'Modem', 'None'),
(243, 6, 'Networking', 'Built-in 10/100/1000 Gigabit Ethernet LAN (RJ-45 connector)'),
(244, 6, 'Wireless Networking', 'Wireless-B+G+N'),
(245, 6, 'Bluetooth-Enabled', 'Yes'),
(246, 6, 'S-Video Outputs', 'None'),
(247, 6, 'Audio', 'High-definition support'),
(248, 6, 'Speakers', 'Internal'),
(249, 6, 'PCMCIA Slots', 'None'),
(250, 6, 'USB 2.0 Ports', '1 USB 3.0; 2 USB 2.0'),
(251, 6, 'IEEE 1394 FireWire Ports', 'None'),
(252, 6, 'Parallel Ports', 'None'),
(253, 6, 'Game Ports', 'None'),
(254, 6, 'Laptop Weight', 'Ultraportable (5.5 lbs. or less)'),
(255, 6, 'Battery Life', 'Not available'),
(256, 6, 'Pointing Device', 'Multigesture touchpad'),
(257, 6, 'HDMI Output', 'Yes'),
(258, 6, 'Blu-ray Player', 'No'),
(259, 6, 'Operating System Platform', 'Windows'),
(260, 6, 'Operating System', 'Windows 8.1'),
(261, 6, 'ENERGY STAR Certified', 'Yes'),
(262, 6, 'Best Buy PC App', 'No'),
(263, 6, 'Graphics Chip', 'Intel'),
(264, 6, 'Drive Capacity', '500GB'),
(265, 6, 'Graphics Card', 'Intel&#174; HD'),
(266, 6, 'EPEAT Qualified', 'No'),
(267, 7, 'Processor Brand', 'Intel&#174;'),
(268, 7, 'Processor', 'Intel&#174; 4th Generation Core&#8482; i7'),
(269, 7, 'Processor Speed', '2.2GHz (with Turbo Boost up to 3.2GHz)'),
(270, 7, 'Battery Type', '6-cell Lithium Ion (Li-Ion)'),
(271, 7, 'Display Type', 'HD widescreen LED'),
(272, 7, 'Screen Size (Measured Diagonally)', '17.3"'),
(273, 7, 'Cache Memory', '6MB on die Level 3'),
(274, 7, 'System Memory (RAM)', '12GB'),
(275, 7, 'System Memory (RAM) Expandable To', '32GB'),
(276, 7, 'Type of Memory (RAM)', 'DDR3'),
(277, 7, 'Hard Drive Type', 'SATA (5400 rpm)'),
(278, 7, 'Computer Hard Drive Size', '1TB'),
(279, 7, 'Optical Drive', 'Double-layer DVD&#177;RW/CD-RW'),
(280, 7, 'Optical Drive Speeds', '4x DVD+R DL; 4x DVD-R DL; 8x8x8 DVD+RW; 8x6x8 DVD-RW; 5x DVD-RAM; 24x16x24 CD-RW'),
(281, 7, 'Direct-Disc Labeling', 'No'),
(282, 7, 'Digital Media Reader or Slots', 'Yes, digital media card reader'),
(283, 7, 'Graphics', 'NVIDIA GeForce GTX 760M'),
(284, 7, 'Video Memory', '2GB GDDR5 (dedicated)'),
(285, 7, 'TV Tuner', 'No'),
(286, 7, 'MPEG', 'Yes'),
(287, 7, 'Built-in Webcam', 'Yes'),
(288, 7, 'Modem', 'None'),
(289, 7, 'Networking', 'Built-in 10/100/1000 Gigabit Ethernet LAN (RJ-45 connector)'),
(290, 7, 'Wireless Networking', 'Wireless-A+B+G+N'),
(291, 7, 'Bluetooth-Enabled', 'Yes'),
(292, 7, 'S-Video Outputs', 'None'),
(293, 7, 'Audio', 'High-definition support'),
(294, 7, 'Speakers', 'Internal'),
(295, 7, 'PCMCIA Slots', 'None'),
(296, 7, 'USB 2.0 Ports', '2 USB 3.0; 2 USB 2.0'),
(297, 7, 'IEEE 1394 FireWire Ports', 'None'),
(298, 7, 'Parallel Ports', 'None'),
(299, 7, 'Game Ports', 'None'),
(300, 7, 'Laptop Weight', 'Standard (more than 5.5 lbs.)'),
(301, 7, 'Battery Life', 'Not available'),
(302, 7, 'Operating System Platform', 'Windows'),
(303, 7, 'Operating System', 'Windows 8'),
(304, 7, 'Included Software', 'CyberLink MediaEspresso; Nero BackItUp 12 Essentials and more'),
(305, 7, 'ENERGY STAR Certified', 'No'),
(306, 7, 'Best Buy PC App', 'No'),
(307, 7, 'Graphics Chip', 'NVIDIA'),
(308, 7, 'Drive Capacity', '1TB'),
(309, 7, 'Graphics Card', 'NVIDIA GeForce GTX 760M'),
(310, 7, 'Gaming Series', 'Yes'),
(311, 7, 'pricematch', 'yes'),
(312, 8, 'Processor Brand', 'AMD'),
(313, 8, 'Processor', 'AMD A4-Series'),
(314, 8, 'Processor Speed', '1.0GHz'),
(315, 8, 'Battery Type', '3-cell Lithium Ion (Li-Ion)'),
(316, 8, 'Display Type', 'TFT-LCD'),
(317, 8, 'Screen Size (Measured Diagonally)', '11.6"'),
(318, 8, 'System Memory (RAM)', '4GB'),
(319, 8, 'System Memory (RAM) Expandable To', '6GB'),
(320, 8, 'Type of Memory (RAM)', 'DDR3 SDRAM'),
(321, 8, 'Hard Drive Type', 'SATA (5400 rpm)'),
(322, 8, 'Computer Hard Drive Size', '500GB'),
(323, 8, 'Optical Drive', 'Not included'),
(324, 8, 'Direct-Disc Labeling', 'No'),
(325, 8, 'Digital Media Reader or Slots', 'Yes, digital media card reader'),
(326, 8, 'Graphics', 'AMD Radeon HD 8210'),
(327, 8, 'TV Tuner', 'No'),
(328, 8, 'MPEG', 'No'),
(329, 8, 'Built-in Webcam', 'No'),
(330, 8, 'Modem', 'None'),
(331, 8, 'Networking', 'None'),
(332, 8, 'Wireless Networking', 'Wireless-B+G+N'),
(333, 8, 'Bluetooth-Enabled', 'No'),
(334, 8, 'S-Video Outputs', 'None'),
(335, 8, 'PCMCIA Slots', 'None'),
(336, 8, 'USB 2.0 Ports', '1 USB 3.0; 2 USB 2.0'),
(337, 8, 'IEEE 1394 FireWire Ports', 'None'),
(338, 8, 'Parallel Ports', 'None'),
(339, 8, 'Game Ports', 'None'),
(340, 8, 'Laptop Weight', 'Ultraportable (5.5 lbs. or less)'),
(341, 8, 'Battery Life', 'Not available'),
(342, 8, 'HDMI Output', 'No'),
(343, 8, 'Blu-ray Player', 'No'),
(344, 8, 'Operating System Platform', 'Windows'),
(345, 8, 'Operating System', 'Windows 8'),
(346, 8, 'Operating System Bit Version', '64-bit'),
(347, 8, 'ENERGY STAR Certified', 'No'),
(348, 8, 'Best Buy PC App', 'No'),
(349, 8, 'Graphics Chip', 'AMD/ATI'),
(350, 8, 'Drive Capacity', '500GB'),
(351, 8, 'Graphics Card', 'AMD Radeon HD 8210'),
(352, 8, 'EPEAT Qualified', 'No'),
(353, 9, 'Processor Brand', 'Intel&#174;'),
(354, 9, 'Processor', 'Intel&#174; Celeron&#174;'),
(355, 9, 'Processor Speed', '1.6GHz'),
(356, 9, 'Battery Type', '6-cell Lithium Ion (Li-Ion)'),
(357, 9, 'Display Type', 'HD widescreen LED'),
(358, 9, 'Screen Size (Measured Diagonally)', '11.6"'),
(359, 9, 'Cache Memory', '2MB'),
(360, 9, 'System Memory (RAM)', '4GB'),
(361, 9, 'System Memory (RAM) Expandable To', '8GB'),
(362, 9, 'Type of Memory (RAM)', 'DDR3 SDRAM'),
(363, 9, 'Hard Drive Type', 'SATA (5400 rpm)'),
(364, 9, 'Computer Hard Drive Size', '500GB'),
(365, 9, 'Optical Drive', 'Not included'),
(366, 9, 'Direct-Disc Labeling', 'No'),
(367, 9, 'Digital Media Reader or Slots', 'Yes, digital media card reader'),
(368, 9, 'Graphics', 'Intel&#174; Graphics Media Accelerator HD'),
(369, 9, 'Video Memory', 'Shared'),
(370, 9, 'TV Tuner', 'No'),
(371, 9, 'MPEG', 'No'),
(372, 9, 'Built-in Webcam', 'Yes'),
(373, 9, 'Modem', 'None'),
(374, 9, 'Networking', 'Built-in Fast Ethernet LAN (RJ-45 connector)'),
(375, 9, 'Wireless Networking', 'Wireless-A+B+G+N'),
(376, 9, 'Bluetooth-Enabled', 'Yes'),
(377, 9, 'S-Video Outputs', 'None'),
(378, 9, 'Speakers', 'Internal'),
(379, 9, 'PCMCIA Slots', 'None'),
(380, 9, 'USB 2.0 Ports', '3'),
(381, 9, 'IEEE 1394 FireWire Ports', 'None'),
(382, 9, 'Parallel Ports', 'None'),
(383, 9, 'Game Ports', 'None'),
(384, 9, 'Laptop Weight', 'Ultraportable (5.5 lbs. or less)'),
(385, 9, 'Battery Life', 'Not available'),
(386, 9, 'Pointing Device', 'TouchPad with multitouch gesture support'),
(387, 9, 'HDMI Output', 'Yes'),
(388, 9, 'Blu-ray Player', 'No'),
(389, 9, 'Operating System Platform', 'Windows'),
(390, 9, 'Operating System', 'Windows 7 Home Premium'),
(391, 9, 'Operating System Bit Version', '64-bit'),
(392, 9, 'ENERGY STAR Certified', 'No'),
(393, 9, 'Best Buy PC App', 'No'),
(394, 9, 'Graphics Chip', 'Intel'),
(395, 9, 'Drive Capacity', '500GB'),
(396, 9, 'Graphics Card', 'Intel&#174; Graphics Media Accelerator HD'),
(397, 9, 'EPEAT Qualified', 'No'),
(398, 10, 'Processor Brand', 'AMD'),
(399, 10, 'Processor', 'AMD A6-Series'),
(400, 10, 'Battery Type', '3-cell Lithium Ion (Li-Ion)'),
(401, 10, 'Display Type', 'High-definition widescreen LED-backlit 10-finger touch screen with CineCrystal technology (1366 x 768)'),
(402, 10, 'Screen Size (Measured Diagonally)', '11.6"'),
(403, 10, 'Cache Memory', '2MB on die Level 2'),
(404, 10, 'System Memory (RAM)', '4GB'),
(405, 10, 'System Memory (RAM) Expandable To', '6GB'),
(406, 10, 'Type of Memory (RAM)', 'DDR3'),
(407, 10, 'Hard Drive Type', 'SATA (5400 rpm)'),
(408, 10, 'Computer Hard Drive Size', '500GB'),
(409, 10, 'Optical Drive', 'Not included'),
(410, 10, 'Direct-Disc Labeling', 'No'),
(411, 10, 'Digital Media Reader or Slots', 'Yes, digital media card reader'),
(412, 10, 'Graphics', 'AMD Radeon HD 8250'),
(413, 10, 'Video Memory', '512MB'),
(414, 10, 'TV Tuner', 'No'),
(415, 10, 'MPEG', 'No'),
(416, 10, 'Built-in Webcam', 'Yes'),
(417, 10, 'Modem', 'None'),
(418, 10, 'Networking', 'None'),
(419, 10, 'Wireless Networking', 'Wireless-B+G+N'),
(420, 10, 'Bluetooth-Enabled', 'Yes'),
(421, 10, 'S-Video Outputs', 'None'),
(422, 10, 'Audio', 'High-definition support'),
(423, 10, 'Speakers', 'Internal'),
(424, 10, 'PCMCIA Slots', 'None'),
(425, 10, 'USB 2.0 Ports', '1 USB 3.0; 1 USB 2.0'),
(426, 10, 'IEEE 1394 FireWire Ports', 'None'),
(427, 10, 'Parallel Ports', 'None'),
(428, 10, 'Game Ports', 'None'),
(429, 10, 'Laptop Weight', 'Ultraportable (5.5 lbs. or less)'),
(430, 10, 'Battery Life', 'Not available'),
(431, 10, 'Pointing Device', 'ZoomPerfect touchpad with 2-finger scroll and pinch'),
(432, 10, 'HDMI Output', 'No'),
(433, 10, 'Blu-ray Player', 'No'),
(434, 10, 'Touchscreen', 'Yes'),
(435, 10, 'Operating System Platform', 'Windows'),
(436, 10, 'Operating System', 'Windows 8'),
(437, 10, 'ENERGY STAR Certified', 'Unknown'),
(438, 10, 'Best Buy PC App', 'No'),
(439, 10, 'Graphics Chip', 'AMD/ATI'),
(440, 10, 'Drive Capacity', '500GB'),
(441, 10, 'Graphics Card', 'AMD Radeon HD 8250'),
(442, 10, 'pricematch', 'yes'),
(443, 11, 'Processor Brand', 'AMD'),
(444, 11, 'Processor', 'AMD A4-Series'),
(445, 11, 'Processor Speed', '1.0GHz'),
(446, 11, 'Battery Type', '3-cell Lithium Ion (Li-Ion)'),
(447, 11, 'Display Type', 'HD widescreen LED touchscreen'),
(448, 11, 'Screen Size (Measured Diagonally)', '11.6"'),
(449, 11, 'Cache Memory', '1MB on die Level 2'),
(450, 11, 'System Memory (RAM)', '4GB'),
(451, 11, 'System Memory (RAM) Expandable To', '6GB'),
(452, 11, 'Type of Memory (RAM)', 'DDR3L'),
(453, 11, 'Hard Drive Type', 'SATA (5400 rpm)'),
(454, 11, 'Computer Hard Drive Size', '500GB'),
(455, 11, 'Optical Drive', 'Not included'),
(456, 11, 'Direct-Disc Labeling', 'No'),
(457, 11, 'Digital Media Reader or Slots', 'Yes, digital media card reader'),
(458, 11, 'Graphics', 'AMD Radeon HD 8210'),
(459, 11, 'Video Memory', '512MB (shared)'),
(460, 11, 'TV Tuner', 'No'),
(461, 11, 'MPEG', 'No'),
(462, 11, 'Built-in Webcam', 'Yes'),
(463, 11, 'Modem', 'None'),
(464, 11, 'Networking', 'None'),
(465, 11, 'Wireless Networking', 'Wireless-B+G+N'),
(466, 11, 'Bluetooth-Enabled', 'Yes'),
(467, 11, 'S-Video Outputs', 'None'),
(468, 11, 'Audio', 'High-definition'),
(469, 11, 'Speakers', 'Internal'),
(470, 11, 'PCMCIA Slots', 'None'),
(471, 11, 'USB 2.0 Ports', '1 USB 3.0; 1 USB 2.0'),
(472, 11, 'IEEE 1394 FireWire Ports', 'None'),
(473, 11, 'Parallel Ports', 'None'),
(474, 11, 'Game Ports', 'None'),
(475, 11, 'Laptop Weight', 'Ultraportable (5.5 lbs. or less)'),
(476, 11, 'Battery Life', 'Not available'),
(477, 11, 'Pointing Device', 'ZoomPerfect touchpad with 2-finger scroll, pinch and swipe support'),
(478, 11, 'HDMI Output', 'No'),
(479, 11, 'Blu-ray Player', 'No'),
(480, 11, 'Touchscreen', 'Yes'),
(481, 11, 'Operating System Platform', 'Windows'),
(482, 11, 'Operating System', 'Windows 8.1'),
(483, 11, 'Operating System Bit Version', '64-bit'),
(484, 11, 'Included Software', 'Amazon Kindle; Nero BackItUp 12 Essentials and more'),
(485, 11, 'ENERGY STAR Certified', 'No'),
(486, 11, 'Best Buy PC App', 'No'),
(487, 11, 'Graphics Chip', 'AMD/ATI'),
(488, 11, 'Drive Capacity', '500GB'),
(489, 11, 'Graphics Card', 'AMD Radeon HD 8210'),
(490, 11, 'EPEAT Qualified', 'No'),
(491, 12, 'Processor Brand', 'AMD'),
(492, 12, 'Processor', 'AMD A4-Series'),
(493, 12, 'Processor Speed', '1.0GHz'),
(494, 12, 'Battery Type', '3-cell Lithium Ion (Li-Ion)'),
(495, 12, 'Display Type', 'HD widescreen LED touchscreen'),
(496, 12, 'Screen Size (Measured Diagonally)', '11.6"'),
(497, 12, 'Cache Memory', '1MB'),
(498, 12, 'System Memory (RAM)', '4GB'),
(499, 12, 'System Memory (RAM) Expandable To', '6GB'),
(500, 12, 'Type of Memory (RAM)', 'DDR3L SDRAM'),
(501, 12, 'Hard Drive Type', 'SATA (5400 rpm)'),
(502, 12, 'Computer Hard Drive Size', '500GB'),
(503, 12, 'Optical Drive', 'Not included'),
(504, 12, 'Direct-Disc Labeling', 'No'),
(505, 12, 'Digital Media Reader or Slots', 'Yes, digital media card reader'),
(506, 12, 'Graphics', 'AMD Radeon HD 8210'),
(507, 12, 'Video Memory', 'Shared'),
(508, 12, 'TV Tuner', 'No'),
(509, 12, 'MPEG', 'No'),
(510, 12, 'Built-in Webcam', 'Yes'),
(511, 12, 'Modem', 'None'),
(512, 12, 'Networking', 'None'),
(513, 12, 'Wireless Networking', 'Wireless-B+G+N'),
(514, 12, 'Bluetooth-Enabled', 'Yes'),
(515, 12, 'S-Video Outputs', 'None'),
(516, 12, 'Speakers', 'Internal'),
(517, 12, 'PCMCIA Slots', 'None'),
(518, 12, 'USB 2.0 Ports', '1 USB 3.0; 1 USB 2.0'),
(519, 12, 'IEEE 1394 FireWire Ports', 'None'),
(520, 12, 'Parallel Ports', 'None'),
(521, 12, 'Game Ports', 'None'),
(522, 12, 'Laptop Weight', 'Ultraportable (5.5 lbs. or less)'),
(523, 12, 'Battery Life', 'Not available'),
(524, 12, 'Pointing Device', 'Touchpad'),
(525, 12, 'HDMI Output', 'No'),
(526, 12, 'Blu-ray Player', 'No'),
(527, 12, 'Touchscreen', 'Yes'),
(528, 12, 'Operating System Platform', 'Windows'),
(529, 12, 'Operating System', 'Windows 8.1'),
(530, 12, 'Operating System Bit Version', '64-bit'),
(531, 12, 'ENERGY STAR Certified', 'No'),
(532, 12, 'Best Buy PC App', 'No'),
(533, 12, 'Graphics Chip', 'AMD/ATI'),
(534, 12, 'Drive Capacity', '500GB'),
(535, 12, 'Graphics Card', 'AMD Radeon HD 8210'),
(536, 12, 'EPEAT Qualified', 'No'),
(537, 13, 'Processor Brand', 'Intel&#174;'),
(538, 13, 'Processor', 'Intel&#174; 4th Generation Core&#8482; i5'),
(539, 13, 'Processor Speed', '1.6GHz (with Turbo Boost up to 2.6GHz)'),
(540, 13, 'Battery Type', '4-cell Lithium Polymer (Li-Polymer)'),
(541, 13, 'Display Type', 'HD LED touchscreen'),
(542, 13, 'Screen Size (Measured Diagonally)', '13.3"'),
(543, 13, 'System Memory (RAM)', '8GB'),
(544, 13, 'System Memory (RAM) Expandable To', 'Nonexpandable'),
(545, 13, 'Type of Memory (RAM)', 'DDR3L'),
(546, 13, 'Hard Drive Type', 'SSD (Solid State Drive)'),
(547, 13, 'Computer Hard Drive Size', '256GB'),
(548, 13, 'Optical Drive', 'Not included'),
(549, 13, 'Direct-Disc Labeling', 'No'),
(550, 13, 'Digital Media Reader or Slots', 'Yes, digital media card reader'),
(551, 13, 'Graphics', 'Intel&#174; HD Graphics 4400'),
(552, 13, 'Video Memory', 'Shared'),
(553, 13, 'TV Tuner', 'No'),
(554, 13, 'MPEG', 'No'),
(555, 13, 'Built-in Webcam', 'Yes'),
(556, 13, 'Modem', 'None'),
(557, 13, 'Networking', 'None'),
(558, 13, 'Wireless Networking', 'Wireless-A+B+G+N'),
(559, 13, 'Bluetooth-Enabled', 'Yes'),
(560, 13, 'S-Video Outputs', 'None'),
(561, 13, 'Audio', 'High-definition; Dolby enhancements'),
(562, 13, 'Speakers', 'Internal'),
(563, 13, 'PCMCIA Slots', 'None'),
(564, 13, 'USB 2.0 Ports', '2 USB 3.0'),
(565, 13, 'IEEE 1394 FireWire Ports', 'None'),
(566, 13, 'Parallel Ports', 'None'),
(567, 13, 'Game Ports', 'None'),
(568, 13, 'Laptop Weight', 'Ultraportable (5.5 lbs. or less)'),
(569, 13, 'Battery Life', 'Not available'),
(570, 13, 'Pointing Device', 'ZoomPerfect touchpad'),
(571, 13, 'HDMI Output', 'Yes'),
(572, 13, 'Blu-ray Player', 'No'),
(573, 13, 'Touchscreen', 'Yes'),
(574, 13, 'Operating System Platform', 'Windows'),
(575, 13, 'Operating System', 'Windows 8.1'),
(576, 13, 'Operating System Bit Version', '64-bit'),
(577, 13, 'ENERGY STAR Certified', 'No'),
(578, 13, 'Best Buy PC App', 'No'),
(579, 13, 'Graphics Chip', 'Intel'),
(580, 13, 'Backlit Keyboard', 'Yes'),
(581, 13, 'Drive Capacity', '256GB'),
(582, 13, 'Graphics Card', 'Intel&#174; HD Graphics 4400'),
(583, 13, 'Wireless Display', 'Yes'),
(584, 13, 'EPEAT Qualified', 'No'),
(585, 14, 'Processor Brand', 'Intel&#174;'),
(586, 14, 'Processor', 'Intel&#174; 4th Generation Core&#8482; i7'),
(587, 14, 'Processor Speed', '1.8GHz (with Turbo Boost up to 3.0GHz)'),
(588, 14, 'Battery Type', '4-cell Lithium Polymer (Li-Polymer)'),
(589, 14, 'Display Type', 'HD LED touchscreen with IPS'),
(590, 14, 'Screen Size (Measured Diagonally)', '13.3"'),
(591, 14, 'System Memory (RAM)', '8GB'),
(592, 14, 'System Memory (RAM) Expandable To', 'Nonexpandable'),
(593, 14, 'Type of Memory (RAM)', 'DDR3L SDRAM'),
(594, 14, 'Hard Drive Type', 'SSD (Solid State Drive)'),
(595, 14, 'Computer Hard Drive Size', '256GB'),
(596, 14, 'Optical Drive', 'Not included'),
(597, 14, 'Direct-Disc Labeling', 'No'),
(598, 14, 'Digital Media Reader or Slots', 'Yes, digital media card reader'),
(599, 14, 'Graphics', 'Intel&#174; HD Graphics 4400'),
(600, 14, 'Video Memory', 'Shared'),
(601, 14, 'TV Tuner', 'No'),
(602, 14, 'MPEG', 'No'),
(603, 14, 'Built-in Webcam', 'Yes'),
(604, 14, 'Modem', 'None'),
(605, 14, 'Networking', 'None'),
(606, 14, 'Wireless Networking', 'Wireless-A+B+G+N'),
(607, 14, 'Bluetooth-Enabled', 'Yes'),
(608, 14, 'S-Video Outputs', 'None'),
(609, 14, 'Audio', 'High-definition; Dolby Home Theater v4'),
(610, 14, 'Speakers', 'Internal'),
(611, 14, 'PCMCIA Slots', 'None'),
(612, 14, 'USB 2.0 Ports', '2 USB 3.0'),
(613, 14, 'IEEE 1394 FireWire Ports', 'None'),
(614, 14, 'Parallel Ports', 'None'),
(615, 14, 'Game Ports', 'None'),
(616, 14, 'Laptop Weight', 'Ultraportable (5.5 lbs. or less)'),
(617, 14, 'Battery Life', 'Not available'),
(618, 14, 'Pointing Device', 'ZoomPerfect touchpad'),
(619, 14, 'HDMI Output', 'Yes'),
(620, 14, 'Blu-ray Player', 'No'),
(621, 14, 'Touchscreen', 'Yes'),
(622, 14, 'Operating System Platform', 'Windows'),
(623, 14, 'Operating System', 'Windows 8'),
(624, 14, 'Operating System Bit Version', '64-bit'),
(625, 14, 'ENERGY STAR Certified', 'Yes'),
(626, 14, 'Best Buy PC App', 'No'),
(627, 14, 'Graphics Chip', 'Intel'),
(628, 14, 'Backlit Keyboard', 'Yes'),
(629, 14, 'Drive Capacity', '256GB'),
(630, 14, 'Graphics Card', 'Intel&#174; HD Graphics 4400'),
(631, 14, 'Wireless Display', 'Yes'),
(632, 14, 'EPEAT Qualified', 'No'),
(633, 15, 'Processor Brand', 'Intel&#174;'),
(634, 15, 'Processor', 'Intel&#174; 3rd Generation Core&#8482; i3'),
(635, 15, 'Processor Speed', '1.8GHz'),
(636, 15, 'Battery Type', '4-cell Lithium Ion (Li-Ion)'),
(637, 15, 'Display Type', 'HD widescreen LED touchscreen'),
(638, 15, 'Screen Size (Measured Diagonally)', '14"'),
(639, 15, 'Cache Memory', '3MB on die Level 3'),
(640, 15, 'System Memory (RAM)', '4GB'),
(641, 15, 'System Memory (RAM) Expandable To', 'Nonexpandable'),
(642, 15, 'Type of Memory (RAM)', 'DDR3L SDRAM'),
(643, 15, 'Hard Drive Type', 'SATA (5400 rpm)'),
(644, 15, 'Computer Hard Drive Size', '500GB'),
(645, 15, 'Optical Drive', 'Not included'),
(646, 15, 'Direct-Disc Labeling', 'No'),
(647, 15, 'Digital Media Reader or Slots', 'Yes, digital media card reader'),
(648, 15, 'Graphics', 'Intel&#174; HD Graphics 4000'),
(649, 15, 'Video Memory', '128MB (dedicated)'),
(650, 15, 'TV Tuner', 'No'),
(651, 15, 'MPEG', 'No'),
(652, 15, 'Built-in Webcam', 'Yes'),
(653, 15, 'Modem', 'None'),
(654, 15, 'Networking', 'Built-in 10/100/1000 Gigabit Ethernet LAN (RJ-45 connector)'),
(655, 15, 'Wireless Networking', 'Wireless-B+G+N'),
(656, 15, 'Bluetooth-Enabled', 'Yes'),
(657, 15, 'S-Video Outputs', 'None'),
(658, 15, 'Audio', 'High Definition Audio support'),
(659, 15, 'Speakers', 'Internal'),
(660, 15, 'PCMCIA Slots', 'None'),
(661, 15, 'USB 2.0 Ports', '1 USB 3.0; 2 USB 2.0'),
(662, 15, 'IEEE 1394 FireWire Ports', 'None'),
(663, 15, 'Parallel Ports', 'None'),
(664, 15, 'Game Ports', 'None'),
(665, 15, 'Laptop Weight', 'Ultraportable (5.5 lbs. or less)'),
(666, 15, 'Battery Life', 'Not available'),
(667, 15, 'Pointing Device', 'Multigesture touchpad with support for 2-finger scroll, pinch, rotate and flip'),
(668, 15, 'HDMI Output', 'Yes'),
(669, 15, 'Blu-ray Player', 'No'),
(670, 15, 'Touchscreen', 'Yes'),
(671, 15, 'Operating System Platform', 'Windows'),
(672, 15, 'Operating System', 'Windows 8'),
(673, 15, 'Operating System Bit Version', '64-bit'),
(674, 15, 'Included Software', 'Nero BackItUp 12 Essentials and more'),
(675, 15, 'ENERGY STAR Certified', 'No'),
(676, 15, 'Best Buy PC App', 'No'),
(677, 15, 'Graphics Chip', 'Intel'),
(678, 15, 'Drive Capacity', '500GB'),
(679, 15, 'Graphics Card', 'Intel&#174; HD Graphics 4000'),
(680, 16, 'Processor Brand', 'Intel&#174;'),
(681, 16, 'Processor', 'Intel&#174; 4th Generation Core&#8482; i5'),
(682, 16, 'Processor Speed', '1.6GHz (with Turbo Boost up to 2.6GHz)'),
(683, 16, 'Battery Type', '4-cell Lithium Polymer (Li-Polymer)'),
(684, 16, 'Display Type', 'HD widescreen LED touchscreen'),
(685, 16, 'Screen Size (Measured Diagonally)', '14"'),
(686, 16, 'Cache Memory', '3MB'),
(687, 16, 'System Memory (RAM)', '8GB'),
(688, 16, 'System Memory (RAM) Expandable To', '12GB'),
(689, 16, 'Type of Memory (RAM)', 'DDR3L SDRAM'),
(690, 16, 'Hard Drive Type', 'SATA (5400 rpm)'),
(691, 16, 'Computer Hard Drive Size', '1TB'),
(692, 16, 'Optical Drive', 'Not included'),
(693, 16, 'Direct-Disc Labeling', 'No'),
(694, 16, 'Digital Media Reader or Slots', 'Yes, digital media card reader'),
(695, 16, 'Graphics', 'Intel&#174; HD Graphics 4400'),
(696, 16, 'Video Memory', 'Shared'),
(697, 16, 'TV Tuner', 'No'),
(698, 16, 'MPEG', 'No'),
(699, 16, 'Built-in Webcam', 'Yes'),
(700, 16, 'Modem', 'None'),
(701, 16, 'Networking', 'Built-in Gigabit Ethernet LAN (RJ-45 connector)'),
(702, 16, 'Wireless Networking', 'Wireless-A+B+G+N'),
(703, 16, 'Bluetooth-Enabled', 'Yes'),
(704, 16, 'S-Video Outputs', 'None'),
(705, 16, 'Speakers', 'Internal'),
(706, 16, 'PCMCIA Slots', 'None'),
(707, 16, 'USB 2.0 Ports', '1 USB 3.0; 2 USB 2.0'),
(708, 16, 'IEEE 1394 FireWire Ports', 'None'),
(709, 16, 'Parallel Ports', 'None'),
(710, 16, 'Game Ports', 'None'),
(711, 16, 'Laptop Weight', 'Ultraportable (5.5 lbs. or less)'),
(712, 16, 'Battery Life', 'Not available'),
(713, 16, 'Pointing Device', 'Touchpad'),
(714, 16, 'HDMI Output', 'Yes'),
(715, 16, 'Blu-ray Player', 'No'),
(716, 16, 'Touchscreen', 'Yes'),
(717, 16, 'Operating System Platform', 'Windows'),
(718, 16, 'Operating System', 'Windows 8.1'),
(719, 16, 'Operating System Bit Version', '64-bit'),
(720, 16, 'ENERGY STAR Certified', 'No'),
(721, 16, 'Best Buy PC App', 'No'),
(722, 16, 'Graphics Chip', 'Intel'),
(723, 16, 'Drive Capacity', '1TB'),
(724, 16, 'Graphics Card', 'Intel&#174; HD Graphics 4400'),
(725, 16, 'EPEAT Qualified', 'No'),
(726, 17, 'Processor Brand', 'Intel&#174;'),
(727, 17, 'Processor', 'Intel&#174; Pentium&#174;'),
(728, 17, 'Processor Speed', '1.8GHz'),
(729, 17, 'Battery Type', '4-cell Lithium Polymer (Li-Polymer)'),
(730, 17, 'Display Type', 'HD widescreen LED touchscreen'),
(731, 17, 'Screen Size (Measured Diagonally)', '14"'),
(732, 17, 'Cache Memory', '2MB'),
(733, 17, 'System Memory (RAM)', '4GB'),
(734, 17, 'System Memory (RAM) Expandable To', '12GB'),
(735, 17, 'Type of Memory (RAM)', 'DDR3 SDRAM'),
(736, 17, 'Computer Hard Drive Size', '500GB'),
(737, 17, 'Optical Drive', 'Not included'),
(738, 17, 'Direct-Disc Labeling', 'No'),
(739, 17, 'Digital Media Reader or Slots', 'Yes, digital media card reader'),
(740, 17, 'Graphics', 'Intel&#174; Graphics Media Accelerator HD'),
(741, 17, 'Video Memory', 'Shared'),
(742, 17, 'TV Tuner', 'No'),
(743, 17, 'MPEG', 'No'),
(744, 17, 'Built-in Webcam', 'Yes'),
(745, 17, 'Modem', 'None'),
(746, 17, 'Networking', 'Built-in Gigabit Ethernet LAN'),
(747, 17, 'Wireless Networking', 'Wireless-A+B+G+N'),
(748, 17, 'Bluetooth-Enabled', 'Yes'),
(749, 17, 'S-Video Outputs', 'None'),
(750, 17, 'Speakers', 'Internal'),
(751, 17, 'PCMCIA Slots', 'None'),
(752, 17, 'USB 2.0 Ports', '1 USB 3.0; 2 USB 2.0'),
(753, 17, 'IEEE 1394 FireWire Ports', 'None'),
(754, 17, 'Parallel Ports', 'None'),
(755, 17, 'Game Ports', 'None'),
(756, 17, 'Laptop Weight', 'Ultraportable (5.5 lbs. or less)'),
(757, 17, 'Battery Life', 'Not available'),
(758, 17, 'Pointing Device', 'Touchpad'),
(759, 17, 'HDMI Output', 'Yes'),
(760, 17, 'Blu-ray Player', 'No'),
(761, 17, 'Touchscreen', 'Yes'),
(762, 17, 'Operating System Platform', 'Windows'),
(763, 17, 'Operating System', 'Windows 8'),
(764, 17, 'Operating System Bit Version', '64-bit'),
(765, 17, 'ENERGY STAR Certified', 'No'),
(766, 17, 'Best Buy PC App', 'No'),
(767, 17, 'Graphics Chip', 'Intel'),
(768, 17, 'Drive Capacity', '500GB'),
(769, 17, 'Graphics Card', 'Intel&#174; Graphics Media Accelerator HD'),
(770, 17, 'EPEAT Qualified', 'No'),
(771, 18, 'Processor Brand', 'Intel&#174;'),
(772, 18, 'Processor', 'Intel&#174; Celeron&#174;'),
(773, 18, 'Processor Speed', '1.4GHz'),
(774, 18, 'Battery Type', '4-cell Lithium Ion (Li-Ion)'),
(775, 18, 'Display Type', 'HD widescreen LED'),
(776, 18, 'Screen Size (Measured Diagonally)', '15.6"'),
(777, 18, 'Cache Memory', '2MB'),
(778, 18, 'System Memory (RAM)', '4GB'),
(779, 18, 'System Memory (RAM) Expandable To', '8GB'),
(780, 18, 'Type of Memory (RAM)', 'DDR3L SDRAM'),
(781, 18, 'Hard Drive Type', 'SATA (5400 rpm)'),
(782, 18, 'Computer Hard Drive Size', '500GB'),
(783, 18, 'Optical Drive', 'DVD&#177;RW/CD-RW'),
(784, 18, 'Optical Drive Speeds', 'Drive speeds not specified'),
(785, 18, 'Direct-Disc Labeling', 'No'),
(786, 18, 'Digital Media Reader or Slots', 'Yes, digital media card reader'),
(787, 18, 'Graphics', 'Intel&#174; Graphics Media Accelerator HD'),
(788, 18, 'Video Memory', 'Shared'),
(789, 18, 'TV Tuner', 'No'),
(790, 18, 'MPEG', 'Yes'),
(791, 18, 'Built-in Webcam', 'Yes'),
(792, 18, 'Modem', 'None'),
(793, 18, 'Networking', 'Built-in Gigabit Ethernet LAN (RJ-45 connector)'),
(794, 18, 'Wireless Networking', 'Wireless-B+G+N'),
(795, 18, 'Bluetooth-Enabled', 'Yes'),
(796, 18, 'S-Video Outputs', 'None'),
(797, 18, 'Speakers', 'Internal'),
(798, 18, 'PCMCIA Slots', 'None'),
(799, 18, 'USB 2.0 Ports', '1 USB 3.0; 2 USB 2.0'),
(800, 18, 'IEEE 1394 FireWire Ports', 'None'),
(801, 18, 'Parallel Ports', 'None'),
(802, 18, 'Game Ports', 'None'),
(803, 18, 'Laptop Weight', 'Ultraportable (5.5 lbs. or less)'),
(804, 18, 'Battery Life', 'Not available'),
(805, 18, 'Pointing Device', 'TouchPad with multitouch gesture support'),
(806, 18, 'HDMI Output', 'Yes'),
(807, 18, 'Blu-ray Player', 'No'),
(808, 18, 'Operating System Platform', 'Windows'),
(809, 18, 'Operating System', 'Windows 7 Home Premium'),
(810, 18, 'Operating System Bit Version', '64-bit'),
(811, 18, 'Included Software', 'Bing Bar and more'),
(812, 18, 'ENERGY STAR Certified', 'No'),
(813, 18, 'Best Buy PC App', 'No'),
(814, 18, 'Graphics Chip', 'Intel'),
(815, 18, 'Drive Capacity', '500GB'),
(816, 18, 'Graphics Card', 'Intel&#174; Graphics Media Accelerator HD'),
(817, 18, 'EPEAT Qualified', 'No'),
(818, 19, 'Processor Brand', 'Intel&#174;'),
(819, 19, 'Processor', 'Intel&#174; Celeron&#174;'),
(820, 19, 'Processor Speed', '1.4GHz'),
(821, 19, 'Battery Type', '4-cell Lithium Ion (Li-Ion)'),
(822, 19, 'Display Type', 'HD widescreen LED'),
(823, 19, 'Screen Size (Measured Diagonally)', '15.6"'),
(824, 19, 'Cache Memory', '2MB'),
(825, 19, 'System Memory (RAM)', '4GB'),
(826, 19, 'System Memory (RAM) Expandable To', '8GB'),
(827, 19, 'Type of Memory (RAM)', 'DDR3L SDRAM'),
(828, 19, 'Hard Drive Type', 'SATA (5400 rpm)'),
(829, 19, 'Computer Hard Drive Size', '500GB'),
(830, 19, 'Optical Drive', 'DVD&#177;RW/CD-RW'),
(831, 19, 'Optical Drive Speeds', 'Drive speeds not specified'),
(832, 19, 'Direct-Disc Labeling', 'No'),
(833, 19, 'Digital Media Reader or Slots', 'Yes, digital media card reader'),
(834, 19, 'Graphics', 'Intel&#174; Graphics Media Accelerator HD'),
(835, 19, 'Video Memory', 'Shared'),
(836, 19, 'TV Tuner', 'No'),
(837, 19, 'MPEG', 'Yes'),
(838, 19, 'Built-in Webcam', 'Yes'),
(839, 19, 'Modem', 'None'),
(840, 19, 'Networking', 'Built-in Gigabit Ethernet LAN (RJ-45 connector)'),
(841, 19, 'Wireless Networking', 'Wireless-B+G+N'),
(842, 19, 'Bluetooth-Enabled', 'Yes'),
(843, 19, 'S-Video Outputs', 'None'),
(844, 19, 'Speakers', 'Internal'),
(845, 19, 'PCMCIA Slots', 'None'),
(846, 19, 'USB 2.0 Ports', '1 USB 3.0; 2 USB 2.0'),
(847, 19, 'IEEE 1394 FireWire Ports', 'None'),
(848, 19, 'Parallel Ports', 'None'),
(849, 19, 'Game Ports', 'None'),
(850, 19, 'Laptop Weight', 'Ultraportable (5.5 lbs. or less)'),
(851, 19, 'Battery Life', 'Not available'),
(852, 19, 'Pointing Device', 'TouchPad with multitouch gesture support'),
(853, 19, 'HDMI Output', 'Yes'),
(854, 19, 'Blu-ray Player', 'No'),
(855, 19, 'Operating System Platform', 'Windows'),
(856, 19, 'Operating System', 'Windows 7 Home Premium'),
(857, 19, 'Operating System Bit Version', '64-bit'),
(858, 19, 'Included Software', 'Bing Bar and more'),
(859, 19, 'ENERGY STAR Certified', 'No'),
(860, 19, 'Best Buy PC App', 'No'),
(861, 19, 'Graphics Chip', 'Intel'),
(862, 19, 'Drive Capacity', '500GB'),
(863, 19, 'Graphics Card', 'Intel&#174; Graphics Media Accelerator HD'),
(864, 19, 'EPEAT Qualified', 'No'),
(865, 20, 'Processor Brand', 'Intel&#174;'),
(866, 20, 'Processor', 'Intel&#174; 4th Generation Core&#8482; i3'),
(867, 20, 'Processor Speed', '1.7GHz'),
(868, 20, 'Battery Type', '4-cell Lithium Ion (Li-Ion)'),
(869, 20, 'Display Type', 'HD widescreen LED'),
(870, 20, 'Screen Size (Measured Diagonally)', '15.6"'),
(871, 20, 'Cache Memory', '3MB'),
(872, 20, 'System Memory (RAM)', '4GB'),
(873, 20, 'System Memory (RAM) Expandable To', '8GB'),
(874, 20, 'Type of Memory (RAM)', 'DDR3L SDRAM'),
(875, 20, 'Hard Drive Type', 'SATA (5400 rpm)'),
(876, 20, 'Computer Hard Drive Size', '500GB'),
(877, 20, 'Optical Drive', 'DVD&#177;RW/CD-RW'),
(878, 20, 'Optical Drive Speeds', 'Drive speeds not specified'),
(879, 20, 'Direct-Disc Labeling', 'No'),
(880, 20, 'Digital Media Reader or Slots', 'Yes, digital media card reader'),
(881, 20, 'Graphics', 'Intel&#174; HD Graphics 4400'),
(882, 20, 'Video Memory', 'Shared'),
(883, 20, 'TV Tuner', 'No'),
(884, 20, 'MPEG', 'Yes'),
(885, 20, 'Built-in Webcam', 'Yes'),
(886, 20, 'Modem', 'None'),
(887, 20, 'Networking', 'Built-in Gigabit Ethernet LAN (RJ-45 connector)'),
(888, 20, 'Wireless Networking', 'Wireless-B+G+N'),
(889, 20, 'Bluetooth-Enabled', 'Yes'),
(890, 20, 'S-Video Outputs', 'None'),
(891, 20, 'Speakers', 'Internal'),
(892, 20, 'PCMCIA Slots', 'None'),
(893, 20, 'USB 2.0 Ports', '1 USB 3.0; 2 USB 2.0'),
(894, 20, 'IEEE 1394 FireWire Ports', 'None'),
(895, 20, 'Parallel Ports', 'None'),
(896, 20, 'Game Ports', 'None'),
(897, 20, 'Laptop Weight', 'Ultraportable (5.5 lbs. or less)'),
(898, 20, 'Battery Life', 'Not available'),
(899, 20, 'Pointing Device', 'TouchPad with multitouch gesture support'),
(900, 20, 'HDMI Output', 'Yes'),
(901, 20, 'Blu-ray Player', 'No'),
(902, 20, 'Operating System Platform', 'Windows'),
(903, 20, 'Operating System', 'Windows 7 Home Premium'),
(904, 20, 'Operating System Bit Version', '64-bit'),
(905, 20, 'Included Software', 'Bing Bar and more'),
(906, 20, 'ENERGY STAR Certified', 'No'),
(907, 20, 'Best Buy PC App', 'No'),
(908, 20, 'Graphics Chip', 'Intel'),
(909, 20, 'Drive Capacity', '500GB'),
(910, 20, 'Graphics Card', 'Intel&#174; HD Graphics 4400'),
(911, 20, 'EPEAT Qualified', 'No');

-- --------------------------------------------------------

--
-- Table structure for table `review_comment`
--

CREATE TABLE IF NOT EXISTS `review_comment` (
  `id` int(11) NOT NULL AUTO_INCREMENT,
  `user_id` int(11) NOT NULL,
  `review_id` int(11) NOT NULL,
  `comment` varchar(5000) NOT NULL,
  `status` tinyint(4) NOT NULL,
  `is_deleted` tinyint(1) NOT NULL DEFAULT '0',
  `create_date` datetime DEFAULT NULL,
  `update_date` datetime DEFAULT NULL,
  `delete_date` datetime DEFAULT NULL,
  PRIMARY KEY (`id`),
  KEY `fk_reviewId` (`review_id`),
  KEY `fk_reviewCommentUserId` (`user_id`)
) ENGINE=InnoDB  DEFAULT CHARSET=utf8 AUTO_INCREMENT=4 ;

--
-- Dumping data for table `review_comment`
--

INSERT INTO `review_comment` (`id`, `user_id`, `review_id`, `comment`, `status`, `is_deleted`, `create_date`, `update_date`, `delete_date`) VALUES
(1, 91, 1, 'ssdds', 2, 0, '2014-05-29 08:29:20', NULL, NULL),
(2, 91, 1, 'sdada', 2, 0, '2014-05-29 08:29:25', NULL, NULL),
(3, 91, 1, 'fadasd', 2, 0, '2014-05-29 08:29:28', NULL, NULL);

-- --------------------------------------------------------

--
-- Table structure for table `review_product`
--

CREATE TABLE IF NOT EXISTS `review_product` (
  `id` int(11) NOT NULL AUTO_INCREMENT,
  `user_id` int(11) NOT NULL,
  `product_id` int(11) NOT NULL,
  `text` text,
  `status` tinyint(4) DEFAULT NULL,
  `create_date` datetime DEFAULT NULL,
  `update_date` datetime DEFAULT NULL,
  `is_deleted` tinyint(1) NOT NULL DEFAULT '0',
  `delete_date` datetime DEFAULT NULL,
  PRIMARY KEY (`id`),
  KEY `fk_review_user` (`user_id`),
  KEY `fk_review_product` (`product_id`)
) ENGINE=InnoDB  DEFAULT CHARSET=utf8 AUTO_INCREMENT=2 ;

--
-- Dumping data for table `review_product`
--

INSERT INTO `review_product` (`id`, `user_id`, `product_id`, `text`, `status`, `create_date`, `update_date`, `is_deleted`, `delete_date`) VALUES
(1, 91, 4, '<p>grat man maza ahh giya</p>', 1, '2014-05-29 08:28:23', '2014-05-29 08:28:23', 0, NULL);

-- --------------------------------------------------------

--
-- Table structure for table `review_product_component`
--

CREATE TABLE IF NOT EXISTS `review_product_component` (
  `id` int(11) NOT NULL AUTO_INCREMENT,
  `review_product_id` int(11) NOT NULL,
  `component_id` int(11) NOT NULL,
  `rating` varchar(3) NOT NULL,
  `create_date` datetime DEFAULT NULL,
  `update_date` datetime DEFAULT NULL,
  `is_deleted` tinyint(1) NOT NULL DEFAULT '0',
  `delete_date` datetime DEFAULT NULL,
  PRIMARY KEY (`id`),
  KEY `fk_review_component_user` (`review_product_id`),
  KEY `fk_review_component_product` (`component_id`)
) ENGINE=InnoDB  DEFAULT CHARSET=utf8 AUTO_INCREMENT=8 ;

--
-- Dumping data for table `review_product_component`
--

INSERT INTO `review_product_component` (`id`, `review_product_id`, `component_id`, `rating`, `create_date`, `update_date`, `is_deleted`, `delete_date`) VALUES
(1, 1, 1, '3', '2014-05-29 08:28:23', NULL, 0, NULL),
(2, 1, 2, '3', '2014-05-29 08:28:23', NULL, 0, NULL),
(3, 1, 3, '3', '2014-05-29 08:28:23', NULL, 0, NULL),
(4, 1, 4, '4', '2014-05-29 08:28:23', NULL, 0, NULL),
(5, 1, 5, '3', '2014-05-29 08:28:23', NULL, 0, NULL),
(6, 1, 66, '3', '2014-05-29 08:28:23', NULL, 0, NULL),
(7, 1, 90, '4', '2014-05-29 08:28:23', NULL, 0, NULL);

-- --------------------------------------------------------

--
-- Table structure for table `scrape_product`
--

CREATE TABLE IF NOT EXISTS `scrape_product` (
  `id` int(11) NOT NULL AUTO_INCREMENT,
  `category_id` int(11) NOT NULL,
  `site_category_id` varchar(50) NOT NULL,
  `url` text NOT NULL,
  `attribute` text,
  `create_date` datetime DEFAULT NULL,
  `update_Date` datetime DEFAULT NULL,
  PRIMARY KEY (`id`),
  KEY `fk_scrape_product_category` (`category_id`)
) ENGINE=InnoDB  DEFAULT CHARSET=utf8 AUTO_INCREMENT=54 ;

--
-- Dumping data for table `scrape_product`
--

INSERT INTO `scrape_product` (`id`, `category_id`, `site_category_id`, `url`, `attribute`, `create_date`, `update_Date`) VALUES
(27, 47, 'pcmcat193100050014', 'http://www.bestbuy.com/site/olstemplatemapper.jsp?id=pcat17080&type=page&qp=cabcat0500000%23%230%23%2312is~~cpcmcat209000050006%23%230%23%233rb~~cpcmcat193100050014%23%230%23%231i~~q4661737433736b75313139~~nf1241%7C%7C4e6577&list=y&nrp=28&sc=abComputerSP&sp=-bestsellingsort+skuid&usc=abcat0500000', NULL, '2013-09-23 11:16:57', NULL),
(36, 16, 'pcmcat209000050008', 'http://www.bestbuy.com/site/olstemplatemapper.jsp?_dyncharset=ISO-8859-1&_dynSessConf=2976399412205217258&id=pcat17080&type=page&lcn=Computers+%26+Tablets&sc=abComputerSP&st=processingtime%3A%3E1900-01-01&usc=abcat0500000&cp=1&sp=-currentprice+skuid&nrp=52&qp=cabcat0500000%23%230%23%232cw~~cpcmcat209000050006%23%230%23%239~~cpcmcat209000050008%23%230%23%231~~f1137%7C%7C4265737420427579204974656d73~~q70726f63657373696e6774696d653a3e313930302d30312d3031~~nf1019%7C%7C496e2053746f72652026204f6e6c696e65&add_to_pkg=false&pagetype=listing&gf=y', NULL, '2013-10-03 06:23:07', NULL),
(39, 46, 'abcat0205007', 'http://www.bestbuy.com/site/olstemplatemapper.jsp?id=pcat17080&type=page&qp=q70726f63657373696e6774696d653a3e313930302d30312d3031~~cabcat0200000%23%230%23%23pk~~cabcat0205000%23%230%23%233l~~cabcat0205007%23%230%23%235~~nf1137%7C%7C4265737420427579204974656d73&list=y&nrp=96&sc=audioSP&sp=-bestsellingsort+skuid&usc=abcat0200000', NULL, '2013-10-04 06:59:35', NULL),
(40, 9, 'abcat0203000', 'http://www.bestbuy.com/site/olstemplatemapper.jsp?id=pcat17080&type=page&qp=cabcat0200000%23%23-1%23%23-1~~cpcmcat241600050001%23%23-1%23%23-1~~cabcat0203000%23%23-1%23%23-1~~q466173746c696d69747067735f323638~~nf1137%7C%7C4265737420427579204974656d73&list=y&nrp=50&sc=audioSP&sp=-bestsellingsort+skuid&usc=abcat0200000', NULL, '2013-10-04 07:04:33', NULL),
(41, 10, 'abcat0208011', 'http://www.bestbuy.com/site/olstemplatemapper.jsp?id=pcat17080&type=page&st=processingtime%3A%3E1900-01-01&sc=audioSP&nrp=50&sp=-bestsellingsort+skuid&qp=cabcat0200000%23%23-1%23%23-1~~cabcat0201000%23%23-1%23%23-1~~cabcat0208011%23%23-1%23%23-1~~q70726f63657373696e6774696d653a3e313930302d30312d3031~~nf1019%7C%7C496e2053746f72652026204f6e6c696e65&usc=abcat0200000&fs=&gf=y&cp=1', NULL, '2013-10-04 07:17:23', NULL),
(42, 11, 'abcat0204000', 'http://www.bestbuy.com/site/olstemplatemapper.jsp?id=pcat17080&type=page&st=processingtime%3A%3E1900-01-01&sc=audioSP&nrp=50&sp=-currentprice+skuid&qp=cabcat0200000%23%239%23%2313w~~cabcat0204000%23%234%23%2336~~q70726f63657373696e6774696d653a3e313930302d30312d3031~~f1019%7C%7C496e2053746f72652026204f6e6c696e65~~nf711%7C%7C4265737420427579204974656d73&usc=abcat0200000&fs=&gf=y&cp=1', NULL, '2013-10-04 07:49:22', NULL),
(43, 12, 'abcat0101001', 'http://www.bestbuy.com/site/olstemplatemapper.jsp?id=pcat17080&type=page&qp=cabcat0100000%23%234%23%23wu~~cabcat0101000%23%237%23%236d~~cabcat0101001%23%230%23%233j~~f1137%7C%7C4265737420427579204974656d73~~q70726f63657373696e6774696d653a3e313930302d30312d3031~~nf1241%7C%7C4e6577&list=y&nrp=50&sc=TVVideoSP&ks=960&usc=abcat0100000&sp=-bestsellingsort+skuid&list=y&iht=n&st=processingtime%3A%3E1900-01-01&gf=y', NULL, '2013-10-04 08:02:14', NULL),
(44, 13, 'abcat0501000', 'http://www.bestbuy.com/site/olstemplatemapper.jsp?_dyncharset=ISO-8859-1&_dynSessConf=7407669119301719788&id=pcat17080&type=page&lcn=Computers+%26+Tablets&sc=abComputerSP&st=processingtime%3A%3E1900-01-01&usc=abcat0500000&cp=1&sp=-bestsellingsort+skuid&nrp=59&qp=q70726f63657373696e6774696d653a3e313930302d30312d3031~~cabcat0500000%23%230%23%2311a~~cabcat0501000%23%230%23%2329~~nf1019%7C%7C496e2053746f72652026204f6e6c696e65&add_to_pkg=false&pagetype=listing&gf=y', NULL, '2013-10-04 08:13:34', NULL),
(45, 15, 'pcmcat209400050001', 'http://www.bestbuy.com/site/olstemplatemapper.jsp?_dyncharset=ISO-8859-1&_dynSessConf=2976399412205217258&id=pcmcat209400050001&type=category&usc=abcat0800000&cp=1&sp=-bestsellingsort+skuid&nrp=50&qp=cabcat0800000~~ncpcmcat209400050001&add_to_pkg=false&pagetype=listing&gf=y', NULL, '2013-10-04 08:23:20', NULL),
(46, 17, 'abcat0401000', 'http://www.bestbuy.com/site/olstemplatemapper.jsp?_dyncharset=ISO-8859-1&_dynSessConf=7407669119301719788&id=pcat17080&type=page&lcn=Cameras+%26+Camcorders&sc=abCameraCamcorderSP&st=processingtime%3A%3E1900-01-01&usc=abcat0400000&cp=1&sp=-currentprice+skuid&nrp=88&qp=cabcat0400000%23%230%23%23dh~~cabcat0401000%23%230%23%233e~~f1137%7C%7C4265737420427579204974656d73~~q70726f63657373696e6774696d653a3e313930302d30312d3031~~nf1019%7C%7C496e2053746f72652026204f6e6c696e65&add_to_pkg=false&pagetype=listing&gf=y', NULL, '2013-10-04 08:49:21', NULL),
(47, 18, 'abcat0511001', 'http://www.bestbuy.com/site/olstemplatemapper.jsp?_dyncharset=ISO-8859-1&_dynSessConf=7407669119301719788&id=pcat17080&type=page&lcn=Mobile+Phones&sc=phoneOfficeSP&st=processingtime%3A%3E1900-01-01&usc=abcat0800000&cp=1&sp=-currentprice+skuid&nrp=50&qp=q70726f63657373696e6774696d653a3e313930302d30312d3031~~cpcmcat245100050028%23%230%23%231xr~~cabcat0511001%23%230%23%237e~~nf1019%7C%7C496e2053746f72652026204f6e6c696e65&add_to_pkg=false&pagetype=listing&gf=y', NULL, '2013-10-04 09:03:24', NULL),
(48, 19, 'abcat0503002', 'http://www.bestbuy.com/site/olstemplatemapper.jsp?_dyncharset=ISO-8859-1&_dynSessConf=7407669119301719788&id=pcat17080&type=page&lcn=Computers+%26+Tablets&sc=abComputerSP&st=processingtime%3A%3E1900-01-01&usc=abcat0500000&cp=1&sp=-bestsellingsort+skuid&nrp=32&qp=cabcat0500000%23%230%23%232g3~~cabcat0503000%23%230%23%237g~~cabcat0503002%23%230%23%231r~~q4661737433736b753633~~nf1019%7C%7C496e2053746f72652026204f6e6c696e65&add_to_pkg=false&pagetype=listing&gf=y', NULL, '2013-10-04 09:06:30', NULL),
(49, 51, 'pcmcat161100050044', 'http://www.bestbuy.com/site/olstemplatemapper.jsp?_dyncharset=ISO-8859-1&_dynSessConf=238526826117105743&id=pcmcat161100050044&type=category&usc=abcat0500000&cp=1&sp=-bestsellingsort+skuid&nrp=50&qp=q70726f63657373696e6774696d653a3e313930302d30312d3031~~cabcat0500000%23%230%23%234l1~~cabcat0503000%23%230%23%237r~~ncpcmcat161100050044%23%230%23%238&add_to_pkg=false&pagetype=listing&gf=y', NULL, '2013-10-04 09:08:24', NULL),
(52, 14, 'abcat0502000', 'http://www.bestbuy.com/site/olstemplatemapper.jsp?id=pcat17080&type=page&qp=cabcat0500000%23%230%23%2311a~~cabcat0502000%23%230%23%23o~~q4661737433736b753934~~nf1019%7C%7C496e2053746f72652026204f6e6c696e65&list=y&nrp=50&sc=abComputerSP&sp=-bestsellingsort+skuid&usc=abcat0500000', NULL, '2013-10-31 08:26:03', NULL),
(53, 14, 'abcat0502000', 'http://www.bestbuy.com/site/computers-pcs/laptop-computers/abcat0502000.c?id=abcat0502000', NULL, '2014-05-29 08:11:34', NULL);

-- --------------------------------------------------------

--
-- Table structure for table `slider`
--

CREATE TABLE IF NOT EXISTS `slider` (
  `id` int(11) NOT NULL AUTO_INCREMENT,
  `product_id` int(11) NOT NULL,
  `image` varchar(100) NOT NULL,
  `status` tinyint(1) NOT NULL DEFAULT '1',
  `ordering` int(11) NOT NULL DEFAULT '1',
  `create_date` datetime DEFAULT NULL,
  `update_Date` datetime DEFAULT NULL,
  PRIMARY KEY (`id`),
  KEY `fk_slider_product_id` (`product_id`)
) ENGINE=InnoDB  DEFAULT CHARSET=utf8 AUTO_INCREMENT=6 ;

--
-- Dumping data for table `slider`
--

INSERT INTO `slider` (`id`, `product_id`, `image`, `status`, `ordering`, `create_date`, `update_Date`) VALUES
(1, 1, '79f781890058bb63526857a63551dfb5.jpg', 1, 1, '2014-05-29 08:36:03', NULL),
(2, 7, 'dd763f5c8b274cdc6b5b6fc317bfa1e4.jpg', 1, 2, '2014-05-29 08:37:04', NULL),
(3, 6, '26ee5578260a5791aa2e83dbc3b6e0b2.jpg', 1, 3, '2014-05-29 08:37:19', NULL),
(5, 4, 'e042fa6f53e82670cc79f1270a5ca5ee.jpg', 1, 5, '2014-05-29 08:37:43', NULL);

-- --------------------------------------------------------

--
-- Table structure for table `states`
--

CREATE TABLE IF NOT EXISTS `states` (
  `state` varchar(22) NOT NULL,
  `state_code` char(2) NOT NULL,
  PRIMARY KEY (`state_code`)
) ENGINE=MyISAM DEFAULT CHARSET=latin1;

--
-- Dumping data for table `states`
--

INSERT INTO `states` (`state`, `state_code`) VALUES
('Alaska', 'AK'),
('Alabama', 'AL'),
('Arkansas', 'AR'),
('Arizona', 'AZ'),
('California', 'CA'),
('Colorado', 'CO'),
('Connecticut', 'CT'),
('District of Columbia', 'DC'),
('Delaware', 'DE'),
('Florida', 'FL'),
('Georgia', 'GA'),
('Hawaii', 'HI'),
('Iowa', 'IA'),
('Idaho', 'ID'),
('Illinois', 'IL'),
('Indiana', 'IN'),
('Kansas', 'KS'),
('Kentucky', 'KY'),
('Louisiana', 'LA'),
('Massachusetts', 'MA'),
('Maryland', 'MD'),
('Maine', 'ME'),
('Michigan', 'MI'),
('Minnesota', 'MN'),
('Missouri', 'MO'),
('Mississippi', 'MS'),
('Montana', 'MT'),
('North Carolina', 'NC'),
('North Dakota', 'ND'),
('Nebraska', 'NE'),
('New Hampshire', 'NH'),
('New Jersey', 'NJ'),
('New Mexico', 'NM'),
('Nevada', 'NV'),
('New York', 'NY'),
('Ohio', 'OH'),
('Oklahoma', 'OK'),
('Oregon', 'OR'),
('Pennsylvania', 'PA'),
('Rhode Island', 'RI'),
('South Carolina', 'SC'),
('South Dakota', 'SD'),
('Tennessee', 'TN'),
('Texas', 'TX'),
('Utah', 'UT'),
('Virginia', 'VA'),
('Vermont', 'VT'),
('Washington', 'WA'),
('Wisconsin', 'WI'),
('West Virginia', 'WV'),
('Wyoming', 'WY');

-- --------------------------------------------------------

--
-- Table structure for table `store`
--

CREATE TABLE IF NOT EXISTS `store` (
  `id` int(11) NOT NULL AUTO_INCREMENT,
  `name` varchar(100) NOT NULL,
  `image` varchar(100) NOT NULL,
  `is_deleted` tinyint(1) NOT NULL DEFAULT '0',
  `delete_date` datetime DEFAULT NULL,
  `create_date` datetime DEFAULT NULL,
  `update_date` datetime DEFAULT NULL,
  PRIMARY KEY (`id`)
) ENGINE=InnoDB  DEFAULT CHARSET=utf8 AUTO_INCREMENT=10 ;

--
-- Dumping data for table `store`
--

INSERT INTO `store` (`id`, `name`, `image`, `is_deleted`, `delete_date`, `create_date`, `update_date`) VALUES
(1, 'first', '8d48036746c9bff944e8a8a183115df3.jpg', 1, '2013-07-24 08:18:02', '2013-07-24 08:17:58', '2013-07-24 08:18:02'),
(2, 'Amazon', 'aa416d23320afa571d291be76cde791d.jpg', 0, NULL, '2013-07-24 10:21:19', '2013-11-26 20:04:46'),
(3, 'Best Buy', '36a47a451e80a788d307303c829bc96f.gif', 0, NULL, '2013-07-24 10:21:36', NULL),
(4, 'Apple Store', '4bbb28a00dedf7745c01c5701091f0c7.png', 0, NULL, '2013-07-24 10:21:50', NULL),
(5, 'Flip Kart', '5eb5f056ed91a1cc636978b00c5aa11c.png', 1, '2013-08-02 10:40:58', '2013-07-24 10:22:58', '2013-08-02 10:40:58'),
(6, 'Ebay', '8be91220906515305df2f2553fad14e2.jpeg', 1, '2013-08-02 10:40:54', '2013-07-24 10:27:12', '2013-08-02 10:40:54'),
(7, 'Home Shop', '16e2572b061e12dcbd94e87a7acecae2.jpg', 1, '2013-08-02 10:40:51', '2013-07-24 10:28:30', '2013-08-02 10:40:51'),
(8, 'Crutchfield', '59a518c651f395caabe0ddd9b6ba5879.jpg', 1, '2013-08-02 13:17:04', '2013-08-02 10:43:04', '2013-08-02 13:17:04'),
(9, 'Newegg', '6480ec96fa227a9dda2e3809706ea76f.jpg', 0, NULL, '2013-08-02 13:18:53', NULL);

-- --------------------------------------------------------

--
-- Table structure for table `store_product_info`
--

CREATE TABLE IF NOT EXISTS `store_product_info` (
  `id` int(11) NOT NULL AUTO_INCREMENT,
  `product_id` int(11) NOT NULL,
  `store_id` int(11) NOT NULL,
  `price` decimal(6,2) NOT NULL,
  `url` varchar(255) NOT NULL,
  `create_date` datetime DEFAULT NULL,
  `update_Date` datetime DEFAULT NULL,
  PRIMARY KEY (`id`),
  KEY `fk_product_store_id` (`product_id`),
  KEY `fk_store_product_id` (`store_id`)
) ENGINE=InnoDB  DEFAULT CHARSET=utf8 AUTO_INCREMENT=41 ;

--
-- Dumping data for table `store_product_info`
--

INSERT INTO `store_product_info` (`id`, `product_id`, `store_id`, `price`, `url`, `create_date`, `update_Date`) VALUES
(1, 1, 2, '179.99', 'http://www.amazon.com/Acer-C720-Chromebook-11-6-Inch-32GB/dp/B00GZ1GV3I%3FSubscriptionId%3DAKIAJ7LRPACRBARMA5DQ%26tag%3Dmodel%26linkCode%3Dxm2%26camp%3D2025%26creative%3D165953%26creativeASIN%3DB00GZ1GV3I', '2014-05-29 08:09:03', NULL),
(2, 1, 9, '229.99', 'http://www.newegg.com/Product/Product.aspx?Item=N82E16834314359', '2014-05-29 08:09:06', NULL),
(3, 1, 3, '249.99', 'http://www.bestbuy.com/site/acer-11-6-chromebook-intel-celeron-2gb-memory-32gb-solid-state-drive-granite-gray/5490017.p?id=1219227299955&skuId=5490017', '2014-05-29 08:09:06', NULL),
(4, 2, 9, '269.99', 'http://www.newegg.com/Product/Product.aspx?Item=N82E16834314486', '2014-05-29 08:09:21', NULL),
(5, 2, 3, '299.99', 'http://www.bestbuy.com/site/acer-11-6-touch-screen-chromebook-intel-celeron-2gb-memory-32gb-solid-state-drive-moonstone-white/5840111.p?id=1219227299334&skuId=5840111', '2014-05-29 08:09:21', NULL),
(6, 3, 9, '11.99', 'http://www.newegg.com/Product/Product.aspx?Item=9SIA28U1HR5671', '2014-05-29 08:09:30', NULL),
(7, 3, 3, '279.00', 'http://www.bestbuy.com/site/acer-11-6-touch-screen-chromebook-intel-celeron-2gb-memory-32gb-solid-state-drive-moonstone-white/4591017.p?id=1219098810504&skuId=4591017&cmp=RMX&ky=2cTYbqClUVez6RbT8SD2qFJIAlDDgDyXr', '2014-05-29 08:09:30', NULL),
(8, 4, 9, '739.99', 'http://www.newegg.com/Product/Product.aspx?Item=N82E16834314346', '2014-05-29 08:09:38', NULL),
(9, 4, 3, '779.99', 'http://www.bestbuy.com/site/acer-14-touch-screen-laptop-intel-core-i5-6gb-memory-500gb-hdd-20gb-solid-state-drive-silver/5009309.p?id=1219106279703&skuId=5009309', '2014-05-29 08:09:38', NULL),
(10, 5, 9, '868.99', 'http://www.newegg.com/Product/Product.aspx?Item=N82E16834215499', '2014-05-29 08:09:45', NULL),
(11, 5, 3, '893.98', 'http://www.bestbuy.com/site/acer-14-travelmate-notebook-4-gb-memory-500-gb-hard-drive/5616133.p?id=1218672081975&skuId=5616133', '2014-05-29 08:09:45', NULL),
(12, 6, 9, '434.15', 'http://www.newegg.com/Product/Product.aspx?Item=0B1-00P1-00036', '2014-05-29 08:09:53', NULL),
(13, 6, 3, '479.99', 'http://www.bestbuy.com/site/acer-15-6-laptop-intel-core-i3-4gb-memory-500gb-hard-drive-steel-gray/4120137.p?id=1219096316800&skuId=4120137', '2014-05-29 08:09:53', NULL),
(14, 7, 9, '1191.30', 'http://www.newegg.com/Product/Product.aspx?Item=9SIA24G15X3967', '2014-05-29 08:10:00', NULL),
(15, 7, 3, '1179.98', 'http://www.bestbuy.com/site/acer-17-3-laptop-intel-core-i7-12gb-memory-1tb-hard-drive-black/1334135.p?id=1219047789711&skuId=1334135', '2014-05-29 08:10:00', NULL),
(16, 8, 2, '271.24', 'http://www.amazon.com/Acer-NX-M8WAA-006-V5-122P-0880-11-6-Inch-Laptop/dp/B00DF9QHZU%3FSubscriptionId%3DAKIAJ7LRPACRBARMA5DQ%26tag%3Dmodel%26linkCode%3Dxm2%26camp%3D2025%26creative%3D165953%26creativeASIN%3DB00DF9QHZU', '2014-05-29 08:10:06', NULL),
(17, 8, 9, '387.99', 'http://www.newegg.com/Product/Product.aspx?Item=N82E16834314191', '2014-05-29 08:10:07', NULL),
(18, 8, 3, '408.98', 'http://www.bestbuy.com/site/acer-aspire-11-6-laptop-amd-a4-series-4gb-memory-500gb-hard-drive-silver/1651022.p?id=1219058221908&skuId=1651022', '2014-05-29 08:10:07', NULL),
(19, 9, 9, '358.99', 'http://www.newegg.com/Product/Product.aspx?Item=N82E16834314422', '2014-05-29 08:10:13', NULL),
(20, 9, 3, '349.99', 'http://www.bestbuy.com/site/acer-aspire-11-6-laptop-intel-celeron-4gb-memory-500gb-hard-drive-black/5009295.p?id=1219106277097&skuId=5009295', '2014-05-29 08:10:13', NULL),
(21, 10, 2, '205.92', 'http://www.amazon.com/Acer-Aspire-Netbook-500GB-V5-122P-0643/dp/B00DYOELQS%3FSubscriptionId%3DAKIAJ7LRPACRBARMA5DQ%26tag%3Dmodel%26linkCode%3Dxm2%26camp%3D2025%26creative%3D165953%26creativeASIN%3DB00DYOELQS', '2014-05-29 08:10:19', NULL),
(22, 10, 9, '9.99', 'http://www.newegg.com/Product/Product.aspx?Item=9SIA28U1GH3976', '2014-05-29 08:10:21', NULL),
(23, 10, 3, '399.99', 'http://www.bestbuy.com/site/acer-aspire-11-6-touch-screen-laptop-4gb-memory-500gb-hard-drive-chill-silver/9474165.p?id=1219023287822&skuId=9474165&cmp=RMX&ky=2cTYbqClUVez6RbT8SD2qFJIAlDDgDyXr', '2014-05-29 08:10:21', NULL),
(24, 11, 3, '234.99', 'http://www.bestbuy.com/site/acer-aspire-11-6-touch-screen-laptop-amd-a4-series-4gb-memory-500gb-hard-drive-chill-silver/4341002.p?id=1219097782426&skuId=4341002&cmp=RMX&ky=2cTYbqClUVez6RbT8SD2qFJIAlDDgDyXr', '2014-05-29 08:10:36', NULL),
(25, 12, 3, '379.99', 'http://www.bestbuy.com/site/acer-aspire-11-6-touch-screen-laptop-amd-a4-series-4gb-memory-500gb-hard-drive-silver/5009354.p?id=1219106277694&skuId=5009354', '2014-05-29 08:10:42', NULL),
(26, 13, 9, '11.99', 'http://www.newegg.com/Product/Product.aspx?Item=9SIA28U1HR5710', '2014-05-29 08:10:49', NULL),
(27, 13, 3, '1399.99', 'http://www.bestbuy.com/site/acer-aspire-13-3-touch-screen-laptop-intel-core-i5-8gb-memory-256gb-solid-state-drive-crystal-white/4681034.p?id=1219101160083&skuId=4681034', '2014-05-29 08:10:49', NULL),
(28, 14, 2, '1200.00', 'http://www.amazon.com/Acer-S7-392-9890-13-3-Inch-Touchscreen-Ultrabook/dp/B00D4AX780%3FSubscriptionId%3DAKIAJ7LRPACRBARMA5DQ%26tag%3Dmodel%26linkCode%3Dxm2%26camp%3D2025%26creative%3D165953%26creativeASIN%3DB00D4AX780', '2014-05-29 08:10:53', NULL),
(29, 14, 9, '1507.53', 'http://www.newegg.com/Product/Product.aspx?Item=N82E16834314112', '2014-05-29 08:10:54', NULL),
(30, 14, 3, '1433.98', 'http://www.bestbuy.com/site/acer-aspire-13-3-touch-screen-laptop-intel-core-i7-8gb-memory-256gb-solid-state-drive-crystal-white/1706181.p?id=1219060667595&skuId=1706181', '2014-05-29 08:10:54', NULL),
(31, 15, 2, '299.99', 'http://www.amazon.com/Acer-Aspire-Laptop-500GB-E1-470P-6659/dp/B00FNW2SWI%3FSubscriptionId%3DAKIAJ7LRPACRBARMA5DQ%26tag%3Dmodel%26linkCode%3Dxm2%26camp%3D2025%26creative%3D165953%26creativeASIN%3DB00FNW2SWI', '2014-05-29 08:11:01', NULL),
(32, 15, 9, '19.99', 'http://www.newegg.com/Product/Product.aspx?Item=9SIA3E41CH7455', '2014-05-29 08:11:03', NULL),
(33, 15, 3, '379.99', 'http://www.bestbuy.com/site/acer-aspire-14-touch-screen-laptop-4gb-memory-500gb-hard-drive-piano-black/1883079.p?id=1219066386406&skuId=1883079&cmp=RMX&ky=2cTYbqClUVez6RbT8SD2qFJIAlDDgDyXr', '2014-05-29 08:11:03', NULL),
(34, 16, 3, '679.98', 'http://www.bestbuy.com/site/acer-aspire-14-touch-screen-laptop-intel-core-i5-8gb-memory-1tb-hard-drive-arctic-rose/5009345.p?id=1219106283110&skuId=5009345', '2014-05-29 08:11:11', NULL),
(35, 17, 3, '479.99', 'http://www.bestbuy.com/site/acer-aspire-14-touch-screen-laptop-intel-pentium-4gb-memory-500gb-hard-drive-gray/5009066.p?id=1219106283910&skuId=5009066', '2014-05-29 08:11:18', NULL),
(36, 18, 9, '402.99', 'http://www.newegg.com/Product/Product.aspx?Item=N82E16834314427', '2014-05-29 08:11:23', NULL),
(37, 18, 3, '389.98', 'http://www.bestbuy.com/site/acer-aspire-15-6-laptop-intel-celeron-4gb-memory-500gb-hard-drive-black/5009268.p?id=1219106277887&skuId=5009268', '2014-05-29 08:11:24', NULL),
(38, 19, 9, '400.99', 'http://www.newegg.com/Product/Product.aspx?Item=N82E16834314424', '2014-05-29 08:11:29', NULL),
(39, 19, 3, '399.99', 'http://www.bestbuy.com/site/acer-aspire-15-6-laptop-intel-celeron-4gb-memory-500gb-hard-drive-red/5009327.p?id=1219106276891&skuId=5009327', '2014-05-29 08:11:29', NULL),
(40, 20, 3, '499.99', 'http://www.bestbuy.com/site/acer-aspire-15-6-laptop-intel-core-i3-4gb-memory-500gb-hard-drive-red/5009222.p?id=1219106282657&skuId=5009222', '2014-05-29 08:11:34', NULL);

-- --------------------------------------------------------

--
-- Table structure for table `tbl_migration`
--

CREATE TABLE IF NOT EXISTS `tbl_migration` (
  `version` varchar(255) NOT NULL,
  `apply_time` int(11) DEFAULT NULL,
  PRIMARY KEY (`version`)
) ENGINE=MyISAM DEFAULT CHARSET=latin1;

--
-- Dumping data for table `tbl_migration`
--

INSERT INTO `tbl_migration` (`version`, `apply_time`) VALUES
('m000000_000000_base', 1373292488),
('m130702_113540_field_for_user', 1373292491),
('m130703_143553_add_field_to_user', 1373292491),
('m130704_064521_change_user', 1373292491),
('m130704_124622_add_category', 1373292491),
('m130708_084804_remove_name_sluf_from_category', 1373353230),
('m130709_085623_add_image_to_category', 1373365391),
('m130709_103337_add_category_image', 1373370323),
('m130711_123201_change_user_date', 1373549440),
('m130712_070554_remove_user_field', 1373617562),
('m130715_071123_add_ha_login', 1373872705),
('m130715_123705_add_status_to_user', 1373897278),
('m130716_090839_add_auth_token', 1373972324),
('m130716_120750_add_message', 1373986264),
('m130716_123454_add_message_to_user', 1373986264),
('m130717_110543_add_brand_table', 1374065749),
('m130717_144951_add_product_table', 1374134896),
('m130718_121944_change_product_table', 1374156773),
('m130718_132750_add_message_field', 1374160344),
('m130719_132106_add_deleted_fields', 1374248133),
('m130719_152102_add_deleted_fields_onmessages', 1374248133),
('m130722_100434_fix_db_design', 1374561588),
('m130724_123441_add_store_table', 1374671681),
('m130730_070234_add_components_to_category', 1375172698),
('m130730_085215_add_review_product', 1375259212),
('m130730_090527_add_review_product_component', 1375259212),
('m130803_071421_add_category_url_alias', 1375523436),
('m130803_072110_add_alias_data', 1375523436),
('m130803_094629_add_product_url_alias', 1375523436),
('m130805_063056_add_order_to_categories', 1375701453),
('m130805_112337_add_combine_to_category', 1375709241),
('m130806_070427_remove_combine_category', 1375786755),
('m130806_083844_add_combine_category', 1375786755),
('m130806_131137_add_new_combine', 1375801320),
('m130806_131335_add_combine_field_in_category', 1375801320),
('m130809_073543_add_review_comment', 1376132237),
('m130810_104947_add_follow_table', 1376132237),
('m130810_082436_alter_product_name', 1376290717),
('m130813_062550_add_wishlist_table', 1376377087),
('m130813_143251_add_store_product_info', 1376479470),
('m130814_115947_add_scrape_product', 1376550480),
('m130816_073225_add_product_fields', 1376641493),
('m130820_092231_add_last_view', 1377067848),
('m130820_135600_add_view_status', 1377067848),
('m130826_130905_change_review_product', 1377528469),
('m130827_130947_change_review_2', 1377613162),
('m130904_143715_product_view_table', 1378306126),
('m130909_121254_add_column_view', 1378735144),
('m130910_121452_view_social_2', 1378824361),
('m130925_062733_adding_filter', 1380096871),
('m130925_065331_filter_value', 1380096871),
('m130925_084545_change_filter', 1380111759),
('m130925_113046_add_table_unique_attribute', 1380111759),
('m130925_120656_change_table_filter_value', 1380111759),
('m131003_081651_change_store_product', 1380790277),
('m131008_065608_add_slider_table', 1381218989);

-- --------------------------------------------------------

--
-- Table structure for table `unique_product_attribute`
--

CREATE TABLE IF NOT EXISTS `unique_product_attribute` (
  `id` int(11) NOT NULL AUTO_INCREMENT,
  `category_id` int(11) NOT NULL,
  `name` varchar(255) NOT NULL,
  PRIMARY KEY (`id`),
  KEY `fk_unique_product_attribute_category` (`category_id`)
) ENGINE=InnoDB  DEFAULT CHARSET=utf8 AUTO_INCREMENT=1056 ;

--
-- Dumping data for table `unique_product_attribute`
--

INSERT INTO `unique_product_attribute` (`id`, `category_id`, `name`) VALUES
(1, 9, 'Number of Speakers'),
(2, 9, 'Frequency Response'),
(3, 9, 'Standard Auxiliary Input'),
(4, 9, 'Product Depth'),
(5, 9, 'Wireless'),
(6, 9, 'Number of Speakers per Package'),
(7, 9, 'Speaker Use'),
(8, 9, 'Crossover Type'),
(9, 9, 'Subwoofer'),
(10, 9, 'Subwoofer Driver'),
(11, 9, 'Connector Type'),
(12, 9, 'Enclosure Type'),
(13, 9, 'Speaker Pricing'),
(14, 9, 'ENERGY STAR Certified'),
(15, 9, 'Peak Power handling'),
(16, 9, 'Woofer'),
(17, 9, 'RMS_Output_Power'),
(18, 9, 'pricematch'),
(19, 9, 'Store Music on Hard Drive'),
(20, 9, 'HDMI Inputs'),
(21, 9, 'DVI Inputs'),
(22, 9, 'Component Video Inputs'),
(23, 9, 'Component Video Outputs'),
(24, 9, 'HDMI Outputs'),
(25, 9, 'DVI Outputs'),
(26, 9, 'Multiroom Capability'),
(27, 9, 'Remote Control'),
(28, 9, 'Component Dimensions'),
(29, 9, 'Front Speaker Dimensions'),
(30, 9, 'Center Speaker Dimensions'),
(31, 9, 'Subwoofer Dimensions'),
(32, 9, 'Total Unit Weight'),
(33, 9, 'Blu-ray Player'),
(34, 9, 'Internet Connectable'),
(35, 9, 'Surround Sound Decoders'),
(36, 9, 'Composite Video Inputs'),
(37, 9, 'Digital Audio Inputs'),
(38, 9, 'Analog Audio Input'),
(39, 9, 'Analog Audio Output'),
(40, 9, '3D-Ready'),
(41, 9, 'Compatibility'),
(42, 9, 'Color Screen'),
(43, 9, 'Touch Screen'),
(44, 9, 'Z-Wave'),
(45, 9, 'Power Source'),
(46, 9, 'Number of Devices Controlled'),
(47, 9, 'Remote Setup'),
(48, 9, 'Subwoofer Power (watts)'),
(49, 9, 'Subwoofer Type'),
(50, 9, 'Subwoofer Size (in.)'),
(51, 9, 'DSP Soundfields'),
(52, 9, 'Satellite Speakers'),
(53, 9, 'Digital Input'),
(54, 9, 'Headphone Jacks'),
(55, 9, 'Tuning Presets'),
(56, 9, 'Preamp Outputs'),
(57, 9, 'On-Screen Display'),
(58, 9, 'Total Harmonic Distortion'),
(59, 9, 'Rear Speaker Dimensions'),
(60, 9, 'ENERGY STAR Qualified'),
(61, 9, 'Composite Video Outputs'),
(62, 9, 'Wi-Fi Built In'),
(63, 9, 'Ethernet Port'),
(64, 9, 'Speaker type'),
(65, 9, 'Brand Compatibility'),
(66, 9, 'Drive Connectivity'),
(67, 9, 'System Requirements'),
(68, 9, 'Frequency Range'),
(69, 9, 'Tweeter Size'),
(70, 9, 'Tweeter Composition'),
(71, 9, 'Midrange'),
(72, 9, 'Sensitivity'),
(73, 9, 'Impedance'),
(74, 9, 'Required Amplifier Power'),
(75, 9, 'Total System Power'),
(76, 9, 'Playback Formats'),
(77, 9, 'Instant Content'),
(78, 9, 'Wireless Rear Speakers'),
(79, 9, 'USB Input'),
(80, 9, 'Smart Capable'),
(81, 9, 'Wi-Fi Ready'),
(82, 9, 'Watts per Channel'),
(83, 9, 'Station Presets'),
(84, 9, 'Satellite Radio-Ready'),
(85, 9, 'Stereo Audio Inputs/Outputs'),
(86, 9, 'Phono Inputs'),
(87, 9, '6.1-Channel Input'),
(88, 9, 'HDTV Compatibility'),
(89, 9, 'Video Up Conversion'),
(90, 9, 'Speaker A/B Switching'),
(91, 9, 'Built for Blu-ray'),
(92, 9, 'USB Port'),
(93, 9, 'iPod-Ready'),
(94, 9, 'Total Receiver Power'),
(95, 9, 'Number of Channels'),
(96, 9, 'Front Surround Power/Channel'),
(97, 9, 'Rear Surround Power/Channel'),
(98, 9, '5.1-Channel Input'),
(99, 9, 'Front-Panel A/V Inputs'),
(100, 9, 'S-Video Inputs/Outputs'),
(101, 9, 'Video Monitor Output'),
(102, 9, 'Headset Jack'),
(103, 9, 'RF Antenna Input'),
(104, 9, 'Dolby Digital 6.1 Input'),
(105, 9, 'JPEG Viewer'),
(106, 9, 'DVD Player'),
(107, 9, 'Wireless Subwoofer'),
(108, 9, 'Digital Audio Outputs'),
(109, 9, 'Media Port'),
(110, 9, 'Disc Capacity'),
(111, 9, 'USB Output'),
(112, 9, 'Digital Inputs'),
(113, 9, 'Digital Outputs'),
(114, 9, 'HD Radio Ready'),
(115, 9, 'Other Features'),
(116, 9, 'Front-Panel A/V Outputs'),
(117, 9, 'Maximum Power Handling'),
(118, 9, 'Woofer Size'),
(119, 9, 'Magnet Size'),
(120, 9, 'Number of Voice Coils'),
(121, 9, 'Woofer Material'),
(122, 9, 'Continuous Power Handling'),
(123, 9, 'Recommended Installation Type'),
(124, 10, 'Speaker Power'),
(125, 10, 'Standard Auxiliary Input'),
(126, 10, 'System Requirements'),
(127, 10, 'Connector Type'),
(128, 10, 'pricematch'),
(129, 10, 'Speaker type'),
(130, 10, 'Number of Speakers'),
(131, 10, 'Built-In Amplifier Power'),
(132, 10, 'Wireless'),
(133, 10, 'Product Depth'),
(134, 10, 'Clock Radio'),
(135, 10, 'Peak Power handling'),
(136, 10, 'Brand Compatibility'),
(137, 10, 'Headphone Output'),
(138, 10, 'iPhone Accessory'),
(139, 10, 'Color Category'),
(140, 10, 'Component Video Outputs'),
(141, 10, 'Bluetooth-Enabled'),
(142, 10, 'HD Radio Compatible'),
(143, 10, 'iPod Connection'),
(144, 10, 'iPod Dock'),
(145, 10, 'Blu-ray Player'),
(146, 10, 'Portable'),
(147, 10, 'Magnetic Shielding'),
(148, 10, 'Power Requirements'),
(149, 10, 'Frequency Response'),
(150, 10, 'Tweeter Driver'),
(151, 10, 'Subwoofer Driver'),
(152, 10, 'Audio Inputs/Outputs'),
(153, 10, 'Number of Speakers per Package'),
(154, 10, 'Batteries'),
(155, 10, 'RMS_Output_Power'),
(156, 10, 'ENERGY STAR Certified'),
(157, 10, 'Remote Control'),
(158, 10, 'Material'),
(159, 10, 'Case Style'),
(160, 10, 'Compatibility'),
(161, 10, 'Speaker Use'),
(162, 10, 'Dual Alarm'),
(163, 10, 'Multiple Alarms'),
(164, 10, 'AM/FM Tuner'),
(165, 10, 'Station Presets'),
(166, 10, 'Stereo Operation'),
(167, 10, 'Battery Backup'),
(168, 10, 'Battery Quantity'),
(169, 10, 'iPod Compatible'),
(170, 10, 'Battery Type'),
(171, 10, 'Shelf System Type'),
(172, 10, 'Sound Type'),
(173, 10, 'Tuner Type'),
(174, 10, 'CD Loading Type'),
(175, 10, 'CD-R/RW Compatible'),
(176, 10, 'MP3 Playback Capability'),
(177, 10, 'Built-In Player'),
(178, 10, 'Display Type'),
(179, 10, 'Composite Video Outputs'),
(180, 10, 'Remote Control Type'),
(181, 10, 'LCD Screen Size'),
(182, 10, 'ENERGY STAR Qualified'),
(183, 10, 'Charges Ipod and Iphones'),
(184, 10, 'Clock Display Color'),
(185, 10, 'Snooze'),
(186, 10, 'Sleep Timer'),
(187, 10, 'Clock'),
(188, 10, 'Tuning Presets'),
(189, 10, 'Battery Size'),
(190, 10, 'Tuner Bands'),
(191, 10, 'Tuner Preset Quantity'),
(192, 10, 'Disc Type'),
(193, 10, 'Headphone Jacks'),
(194, 10, 'CD Capacity'),
(195, 10, 'Power (Watts per Channel)'),
(196, 10, 'Speaker Quantity'),
(197, 10, 'Speaker size'),
(198, 10, 'Water-Resistant Case'),
(199, 10, 'Bluetooth Type'),
(200, 10, 'Speaker Configuration'),
(201, 10, 'Number of Channels'),
(202, 10, 'Total System Power'),
(203, 10, 'Speaker Controls'),
(204, 10, 'Location of Controls'),
(205, 10, 'Main Speaker Watts per Channel'),
(206, 10, 'CD Random/Repeat'),
(207, 10, 'Bass Boost'),
(208, 10, 'Cassette Quantity'),
(209, 10, 'Track Programming'),
(210, 10, 'CD-R/RW Recorder'),
(211, 10, 'Analog/RCA Output Quantity'),
(212, 10, 'Main Unit Height'),
(213, 10, 'Main Unit Width'),
(214, 10, 'Main Unit Depth'),
(215, 10, 'Main Speaker Dimensions'),
(216, 10, 'Disc Capacity'),
(217, 10, 'Playback Formats'),
(218, 10, 'EQ Preset Quantity'),
(219, 10, 'CD Player'),
(220, 10, 'Display Size'),
(221, 10, 'Display Brightness Control'),
(222, 10, 'AC Adapter'),
(223, 10, 'Sensitivity'),
(224, 10, 'Power Handling'),
(225, 10, 'Tweeter Composition'),
(226, 10, 'Magnetically Shielded'),
(227, 10, 'Volume Control'),
(228, 10, 'Required Amplifier Power'),
(229, 10, 'Impedance'),
(230, 10, 'Total Harmonic Distortion'),
(231, 10, 'Speaker Impedance'),
(232, 10, 'Amplifier Quantity'),
(233, 10, 'Energy-Saving Mode'),
(234, 10, 'Analog/RCA Input Quantity'),
(235, 10, 'Random/Repeat'),
(236, 10, 'Wireless Remote'),
(237, 10, 'Main Speaker Type'),
(238, 10, 'Speaker Driver Size'),
(239, 10, 'Main Unit Weight'),
(240, 10, 'Length of Cord'),
(241, 14, 'Processor Brand'),
(242, 14, 'Processor'),
(243, 14, 'Processor Speed'),
(244, 14, 'Battery Type'),
(245, 14, 'Display Type'),
(246, 14, 'Screen Size (Measured Diagonally)'),
(247, 14, 'Cache Memory'),
(248, 14, 'System Memory (RAM)'),
(249, 14, 'System Memory (RAM) Expandable To'),
(250, 14, 'Type of Memory (RAM)'),
(251, 14, 'Hard Drive Type'),
(252, 14, 'Computer Hard Drive Size'),
(253, 14, 'Optical Drive'),
(254, 14, 'Optical Drive Speeds'),
(255, 14, 'Direct-Disc Labeling'),
(256, 14, 'Digital Media Reader or Slots'),
(257, 14, 'Graphics'),
(258, 14, 'Video Memory'),
(259, 14, 'TV Tuner'),
(260, 14, 'MPEG'),
(261, 14, 'Built-in Webcam'),
(262, 14, 'Modem'),
(263, 14, 'Networking'),
(264, 14, 'Wireless Networking'),
(265, 14, 'Bluetooth-Enabled'),
(266, 14, 'S-Video Outputs'),
(267, 14, 'Audio'),
(268, 14, 'Speakers'),
(269, 14, 'PCMCIA Slots'),
(270, 14, 'USB 2.0 Ports'),
(271, 14, 'IEEE 1394 FireWire Ports'),
(272, 14, 'Parallel Ports'),
(273, 14, 'Game Ports'),
(274, 14, 'Laptop Weight'),
(275, 14, 'Battery Life'),
(276, 14, 'Pointing Device'),
(277, 14, 'HDMI Output'),
(278, 14, 'Blu-ray Player'),
(279, 14, 'Touchscreen'),
(280, 14, 'Operating System Platform'),
(281, 14, 'Operating System'),
(282, 14, 'Included Software'),
(283, 14, 'ENERGY STAR Certified'),
(284, 14, 'Best Buy PC App'),
(285, 14, 'Graphics Chip'),
(286, 14, 'Product Depth'),
(287, 14, 'Drive Capacity'),
(288, 14, 'Graphics Card'),
(289, 14, 'Gaming Series'),
(290, 14, 'pricematch'),
(291, 14, 'Processor Platform'),
(292, 14, 'Wireless Capability'),
(293, 14, 'Memory Slots Total'),
(294, 14, 'Integrated Microphone'),
(295, 14, 'Backlit Keyboard'),
(296, 14, 'Wireless Display'),
(297, 14, 'Additional Audio/Video Connectors'),
(298, 14, 'Convertible'),
(299, 14, '2-in-1'),
(300, 14, 'Color Category'),
(301, 14, 'Operating System Bit Version'),
(302, 14, 'Storage Capacity'),
(303, 14, 'Data Plan Required'),
(304, 16, 'Processor Brand'),
(305, 16, 'Processor'),
(306, 16, 'Processor Speed'),
(307, 16, 'Battery Type'),
(308, 16, 'Display Type'),
(309, 16, 'Screen Size (Measured Diagonally)'),
(310, 16, 'System Memory (RAM)'),
(311, 16, 'Internal Storage Type'),
(312, 16, 'Storage Capacity'),
(313, 16, 'Graphics'),
(314, 16, 'Adobe Flash Compatible'),
(315, 16, 'Wi-Fi Built In'),
(316, 16, 'Bluetooth-Enabled'),
(317, 16, 'USB 2.0 Ports'),
(318, 16, 'HDMI Output'),
(319, 16, 'Touchscreen'),
(320, 16, 'Operating System'),
(321, 16, 'ENERGY STAR Certified'),
(322, 16, 'Product Depth'),
(323, 16, 'Drive Capacity'),
(324, 16, 'Data Plan Required'),
(325, 16, 'Headphone Jack'),
(326, 16, 'GPS Enabled'),
(327, 16, 'Operating System Platform'),
(328, 16, 'pricematch'),
(329, 16, 'Digital Camera'),
(330, 16, 'Digital Camera Pixels'),
(331, 16, 'Game Ports'),
(332, 16, 'Front Facing Webcam Pixels'),
(333, 16, 'Type of Memory (RAM)'),
(334, 16, 'SD Card Slot'),
(335, 16, 'Wireless Capability'),
(336, 16, 'Built-in Webcam'),
(337, 16, 'Audio'),
(338, 16, 'Speakers'),
(339, 16, 'LTE'),
(340, 16, 'Color Category'),
(341, 16, 'IEEE 1394 FireWire Ports'),
(342, 16, 'GPS Enabled with'),
(343, 16, 'Battery Life'),
(344, 16, 'Manufacturers Suggested Age'),
(345, 16, 'Marketed Age Band'),
(346, 16, 'Kids Computer Type'),
(347, 46, 'Number of Speakers'),
(348, 46, 'HDMI Inputs'),
(349, 46, 'HDMI Outputs'),
(350, 46, 'ENERGY STAR Certified'),
(351, 46, 'Total System Power'),
(352, 46, 'Subwoofer Power (watts)'),
(353, 46, 'Subwoofer Type'),
(354, 46, 'Subwoofer Size (in.)'),
(355, 46, 'Total Unit Weight'),
(356, 46, 'pricematch'),
(357, 46, 'Digital Audio Inputs'),
(358, 46, 'Analog Audio Input'),
(359, 46, 'Digital Input'),
(360, 46, 'Total Harmonic Distortion'),
(361, 46, 'Product Depth'),
(362, 46, 'Number of Speakers per Package'),
(363, 46, 'Speaker Use'),
(364, 46, 'Stereo Audio Inputs/Outputs'),
(365, 46, 'Remote Control'),
(366, 46, 'Wireless Subwoofer'),
(367, 46, 'Surround Sound Decoders'),
(368, 46, 'Speaker type'),
(369, 46, 'Amplified Power'),
(370, 46, 'Frequency Response'),
(371, 46, 'Tweeter Size'),
(372, 46, 'Tweeter Composition'),
(373, 46, 'Midrange'),
(374, 46, 'Woofer'),
(375, 46, 'Sensitivity'),
(376, 46, 'Impedance'),
(377, 46, 'Required Amplifier Power'),
(378, 46, 'Speaker Pricing'),
(379, 46, 'On-Screen Display'),
(380, 46, 'ENERGY STAR Qualified'),
(381, 46, 'Number of Channels'),
(382, 46, 'Speaker Controls'),
(383, 46, 'Standard Auxiliary Input'),
(384, 46, 'Headphone Output'),
(385, 46, 'Brand Compatibility'),
(386, 46, 'Maximum Power Handling'),
(387, 46, 'Peak Power handling'),
(388, 46, 'Subwoofer'),
(389, 46, 'Enclosure Type'),
(390, 46, 'Volume Control'),
(391, 46, 'Crossover Type'),
(392, 46, 'Subwoofer Driver'),
(393, 46, 'Connector Type'),
(394, 46, 'Magnetically Shielded'),
(395, 46, 'Playback Formats'),
(396, 46, 'Instant Content'),
(397, 46, 'USB Input'),
(398, 46, 'Wi-Fi Built In'),
(399, 46, 'Smart Capable'),
(400, 46, 'DSP Soundfields'),
(401, 46, '3D-Ready'),
(402, 46, 'Ethernet Port'),
(403, 46, 'Component Video Outputs'),
(404, 46, 'Video Monitor Output'),
(405, 46, 'DVD Player'),
(406, 46, 'Disc Capacity'),
(407, 46, 'USB Output'),
(408, 46, 'Composite Video Outputs'),
(409, 46, 'Media Port'),
(410, 46, 'Wireless'),
(411, 46, 'RMS_Output_Power'),
(412, 46, 'Front-Panel A/V Inputs'),
(413, 46, 'Frequency Range'),
(414, 47, 'Screen Size (Measured Diagonally)'),
(415, 47, 'USB 2.0 Ports'),
(416, 47, 'pricematch'),
(417, 47, 'Total Built-In Memory'),
(418, 47, 'Display Type'),
(419, 47, 'Product Depth'),
(420, 47, 'E-Reader_Display_Type'),
(421, 47, 'System Memory (RAM)'),
(422, 47, 'ENERGY STAR Qualified'),
(423, 47, 'Expandable Memory'),
(424, 47, 'Connectivity'),
(425, 47, 'eBook Storage'),
(426, 47, 'Battery Life'),
(427, 47, 'Navigation'),
(428, 47, 'Connection Port'),
(429, 47, 'Supports MP3'),
(430, 47, 'Battery Type'),
(431, 47, 'Adjustable Font Size'),
(432, 47, 'LendMe Technology'),
(433, 47, 'Dictionary'),
(434, 47, 'Platform'),
(435, 47, 'PC Required'),
(436, 47, 'Number of Ports'),
(437, 47, 'Keyboard Entry'),
(438, 47, 'Backlight'),
(439, 47, 'Supports Voice Transmission'),
(440, 47, 'Sync Capability'),
(441, 47, 'Stylus Entry'),
(442, 47, 'Calculator'),
(443, 47, 'Calendar'),
(444, 47, 'Address Book'),
(445, 47, 'System Requirements'),
(446, 47, 'Operating System'),
(447, 9, 'Number of Speakers'),
(448, 9, 'Frequency Response'),
(449, 9, 'Standard Auxiliary Input'),
(450, 9, 'Product Depth'),
(451, 9, 'Wireless'),
(452, 9, 'Number of Speakers per Package'),
(453, 9, 'Speaker Use'),
(454, 9, 'Crossover Type'),
(455, 9, 'Subwoofer'),
(456, 9, 'Subwoofer Driver'),
(457, 9, 'Connector Type'),
(458, 9, 'Enclosure Type'),
(459, 9, 'Speaker Pricing'),
(460, 9, 'ENERGY STAR Certified'),
(461, 9, 'Peak Power handling'),
(462, 9, 'Woofer'),
(463, 9, 'RMS_Output_Power'),
(464, 9, 'pricematch'),
(465, 9, 'Store Music on Hard Drive'),
(466, 9, 'HDMI Inputs'),
(467, 9, 'DVI Inputs'),
(468, 9, 'Component Video Inputs'),
(469, 9, 'Component Video Outputs'),
(470, 9, 'HDMI Outputs'),
(471, 9, 'DVI Outputs'),
(472, 9, 'Multiroom Capability'),
(473, 9, 'Remote Control'),
(474, 9, 'Component Dimensions'),
(475, 9, 'Front Speaker Dimensions'),
(476, 9, 'Center Speaker Dimensions'),
(477, 9, 'Subwoofer Dimensions'),
(478, 9, 'Total Unit Weight'),
(479, 9, 'Blu-ray Player'),
(480, 9, 'Internet Connectable'),
(481, 9, 'Surround Sound Decoders'),
(482, 9, 'Composite Video Inputs'),
(483, 9, 'Digital Audio Inputs'),
(484, 9, 'Analog Audio Input'),
(485, 9, 'Analog Audio Output'),
(486, 9, '3D-Ready'),
(487, 9, 'Compatibility'),
(488, 9, 'Color Screen'),
(489, 9, 'Touch Screen'),
(490, 9, 'Z-Wave'),
(491, 9, 'Power Source'),
(492, 9, 'Number of Devices Controlled'),
(493, 9, 'Remote Setup'),
(494, 9, 'Subwoofer Power (watts)'),
(495, 9, 'Subwoofer Type'),
(496, 9, 'Subwoofer Size (in.)'),
(497, 9, 'DSP Soundfields'),
(498, 9, 'Satellite Speakers'),
(499, 9, 'Digital Input'),
(500, 9, 'Headphone Jacks'),
(501, 9, 'Tuning Presets'),
(502, 9, 'Preamp Outputs'),
(503, 9, 'On-Screen Display'),
(504, 9, 'Total Harmonic Distortion'),
(505, 9, 'Rear Speaker Dimensions'),
(506, 9, 'ENERGY STAR Qualified'),
(507, 9, 'Composite Video Outputs'),
(508, 9, 'Wi-Fi Built In'),
(509, 9, 'Ethernet Port'),
(510, 9, 'Speaker type'),
(511, 9, 'Brand Compatibility'),
(512, 9, 'Drive Connectivity'),
(513, 9, 'System Requirements'),
(514, 9, 'Frequency Range'),
(515, 9, 'Tweeter Size'),
(516, 9, 'Tweeter Composition'),
(517, 9, 'Midrange'),
(518, 9, 'Sensitivity'),
(519, 9, 'Impedance'),
(520, 9, 'Required Amplifier Power'),
(521, 9, 'Total System Power'),
(522, 9, 'Playback Formats'),
(523, 9, 'Instant Content'),
(524, 9, 'Wireless Rear Speakers'),
(525, 9, 'USB Input'),
(526, 9, 'Smart Capable'),
(527, 9, 'Wi-Fi Ready'),
(528, 9, 'Watts per Channel'),
(529, 9, 'Station Presets'),
(530, 9, 'Satellite Radio-Ready'),
(531, 9, 'Stereo Audio Inputs/Outputs'),
(532, 9, 'Phono Inputs'),
(533, 9, '6.1-Channel Input'),
(534, 9, 'HDTV Compatibility'),
(535, 9, 'Video Up Conversion'),
(536, 9, 'Speaker A/B Switching'),
(537, 9, 'Built for Blu-ray'),
(538, 9, 'USB Port'),
(539, 9, 'iPod-Ready'),
(540, 9, 'Total Receiver Power'),
(541, 9, 'Number of Channels'),
(542, 9, 'Front Surround Power/Channel'),
(543, 9, 'Rear Surround Power/Channel'),
(544, 9, '5.1-Channel Input'),
(545, 9, 'Front-Panel A/V Inputs'),
(546, 9, 'S-Video Inputs/Outputs'),
(547, 9, 'Video Monitor Output'),
(548, 9, 'Headset Jack'),
(549, 9, 'RF Antenna Input'),
(550, 9, 'Dolby Digital 6.1 Input'),
(551, 9, 'JPEG Viewer'),
(552, 9, 'DVD Player'),
(553, 9, 'Wireless Subwoofer'),
(554, 9, 'Digital Audio Outputs'),
(555, 9, 'Media Port'),
(556, 9, 'Disc Capacity'),
(557, 9, 'USB Output'),
(558, 9, 'Digital Inputs'),
(559, 9, 'Digital Outputs'),
(560, 9, 'HD Radio Ready'),
(561, 9, 'Other Features'),
(562, 9, 'Front-Panel A/V Outputs'),
(563, 9, 'Maximum Power Handling'),
(564, 9, 'Woofer Size'),
(565, 9, 'Magnet Size'),
(566, 9, 'Number of Voice Coils'),
(567, 9, 'Woofer Material'),
(568, 9, 'Continuous Power Handling'),
(569, 9, 'Recommended Installation Type'),
(570, 14, 'Processor Brand'),
(571, 14, 'Processor'),
(572, 14, 'Processor Speed'),
(573, 14, 'Battery Type'),
(574, 14, 'Display Type'),
(575, 14, 'Screen Size (Measured Diagonally)'),
(576, 14, 'Cache Memory'),
(577, 14, 'System Memory (RAM)'),
(578, 14, 'System Memory (RAM) Expandable To'),
(579, 14, 'Type of Memory (RAM)'),
(580, 14, 'Hard Drive Type'),
(581, 14, 'Computer Hard Drive Size'),
(582, 14, 'Optical Drive'),
(583, 14, 'Optical Drive Speeds'),
(584, 14, 'Direct-Disc Labeling'),
(585, 14, 'Digital Media Reader or Slots'),
(586, 14, 'Graphics'),
(587, 14, 'Video Memory'),
(588, 14, 'TV Tuner'),
(589, 14, 'MPEG'),
(590, 14, 'Built-in Webcam'),
(591, 14, 'Modem'),
(592, 14, 'Networking'),
(593, 14, 'Wireless Networking'),
(594, 14, 'Bluetooth-Enabled'),
(595, 14, 'S-Video Outputs'),
(596, 14, 'Audio'),
(597, 14, 'Speakers'),
(598, 14, 'PCMCIA Slots'),
(599, 14, 'USB 2.0 Ports'),
(600, 14, 'IEEE 1394 FireWire Ports'),
(601, 14, 'Parallel Ports'),
(602, 14, 'Game Ports'),
(603, 14, 'Laptop Weight'),
(604, 14, 'Battery Life'),
(605, 14, 'Pointing Device'),
(606, 14, 'HDMI Output'),
(607, 14, 'Blu-ray Player'),
(608, 14, 'Touchscreen'),
(609, 14, 'Operating System Platform'),
(610, 14, 'Operating System'),
(611, 14, 'Included Software'),
(612, 14, 'ENERGY STAR Certified'),
(613, 14, 'Best Buy PC App'),
(614, 14, 'Graphics Chip'),
(615, 14, 'Product Depth'),
(616, 14, 'Drive Capacity'),
(617, 14, 'Graphics Card'),
(618, 14, 'Gaming Series'),
(619, 14, 'pricematch'),
(620, 14, 'Processor Platform'),
(621, 14, 'Wireless Capability'),
(622, 14, 'Memory Slots Total'),
(623, 14, 'Integrated Microphone'),
(624, 14, 'Backlit Keyboard'),
(625, 14, 'Wireless Display'),
(626, 14, 'Additional Audio/Video Connectors'),
(627, 14, 'Convertible'),
(628, 14, '2-in-1'),
(629, 14, 'Color Category'),
(630, 14, 'Operating System Bit Version'),
(631, 14, 'Storage Capacity'),
(632, 14, 'Data Plan Required'),
(633, 11, 'Headphone Style'),
(634, 11, 'Water-Resistant'),
(635, 11, 'Noise Canceling'),
(636, 11, 'Sound Isolating'),
(637, 11, 'Magnet Type'),
(638, 11, 'Frequency Response'),
(639, 11, 'Sensitivity/SPL'),
(640, 11, 'Ear Cushions'),
(641, 11, 'Connector'),
(642, 11, 'Coil Cord'),
(643, 11, 'Folding'),
(644, 11, 'pricematch'),
(645, 11, 'Impedance'),
(646, 11, 'Cord Length'),
(647, 11, 'Total Harmonic Distortion'),
(648, 11, 'Headphone Type'),
(649, 11, 'Color Category'),
(650, 11, 'Product Depth'),
(651, 11, 'Compatibility'),
(652, 11, 'Type of Cable'),
(653, 11, 'Length of Cord'),
(654, 12, 'TV Type'),
(655, 12, 'Screen Size Class'),
(656, 12, 'Screen Size (Measured Diagonally)'),
(657, 12, 'Vertical Resolution'),
(658, 12, 'Screen Refresh Rate'),
(659, 12, 'Product Height (with stand)'),
(660, 12, 'Product Height (without stand)'),
(661, 12, 'Product Depth (with stand)'),
(662, 12, 'Product Depth (without stand)'),
(663, 12, 'HDMI Inputs'),
(664, 12, 'USB Port'),
(665, 12, 'USB Input'),
(666, 12, 'DVI Inputs'),
(667, 12, 'Component Video Inputs'),
(668, 12, 'Composite Inputs'),
(669, 12, 'Media Card Slot'),
(670, 12, 'V-Chip'),
(671, 12, 'ENERGY STAR Certified'),
(672, 12, 'Mount Bracket/VESA Pattern'),
(673, 12, 'Aspect Ratio'),
(674, 12, 'Maximum Resolution'),
(675, 12, 'PC Inputs'),
(676, 12, 'Remote Control Type'),
(677, 12, 'Power Consumption (watts) Power On'),
(678, 12, 'Ethernet Port'),
(679, 12, 'Estimated Yearly Electricity Use (kWh)'),
(680, 12, 'Estimated Yearly Operating Cost'),
(681, 12, 'pricematch'),
(682, 12, 'Watts/Channel'),
(683, 12, 'Speakers'),
(684, 12, 'Speaker Output Power'),
(685, 12, 'RF Antenna Input'),
(686, 12, 'Audio Outputs'),
(687, 12, 'Language Options'),
(688, 12, 'Sleep Timer'),
(689, 12, 'Green Compliance'),
(690, 12, 'Brightness'),
(691, 12, 'A/V Outputs'),
(692, 12, 'Composite Video Inputs'),
(693, 12, 'Power Consumption (watts) Stand-by'),
(694, 12, 'Dynamic Contrast Ratio'),
(695, 12, 'S-Video Inputs'),
(696, 12, 'Headphone Jacks'),
(697, 12, 'Other Features'),
(698, 12, 'Speaker Location'),
(699, 12, 'Channel Labeling'),
(700, 12, 'Video Outputs'),
(701, 12, 'Sound Leveler'),
(702, 12, 'Best Buy Exclusive'),
(703, 13, 'Processor Brand'),
(704, 13, 'Processor'),
(705, 13, 'Processor Speed'),
(706, 13, 'Cache Memory'),
(707, 13, 'System Memory (RAM)'),
(708, 13, 'System Memory (RAM) Expandable To'),
(709, 13, 'Type of Memory (RAM)'),
(710, 13, 'Hard Drive Type'),
(711, 13, 'Hard Drive Size'),
(712, 13, 'Graphics'),
(713, 13, 'Screen Size (Measured Diagonally)'),
(714, 13, 'TV Tuner'),
(715, 13, 'Audio'),
(716, 13, 'Speakers'),
(717, 13, 'Built-in Webcam'),
(718, 13, 'Network Card'),
(719, 13, 'Wireless Networking'),
(720, 13, 'Recordable DVD Drive'),
(721, 13, 'Recordable DVD Drive Speeds'),
(722, 13, 'Direct-Disc Labeling'),
(723, 13, 'Digital Media Reader or Slots'),
(724, 13, 'USB 2.0 Ports'),
(725, 13, 'Keyboard Description'),
(726, 13, 'Other Control Devices (mouse, etc.)'),
(727, 13, 'Operating System Platform'),
(728, 13, 'Operating System'),
(729, 13, 'Software Included'),
(730, 13, 'HDMI Output'),
(731, 13, 'Blu-ray Player'),
(732, 13, 'Touchscreen'),
(733, 13, 'Tilt'),
(734, 13, 'ENERGY STAR Certified'),
(735, 13, 'Product Depth'),
(736, 13, 'Drive Capacity'),
(737, 13, 'Best Buy PC App'),
(738, 13, 'pricematch'),
(739, 13, 'Available Expansion Slots'),
(740, 13, 'Graphics Chip'),
(741, 13, 'Video Memory'),
(742, 13, 'S-Video Outputs'),
(743, 13, 'Gaming Series'),
(744, 13, 'Discrete Graphics'),
(745, 13, 'Desktop Types'),
(746, 13, 'IEEE 1394 Ports'),
(747, 13, 'BBY Software Installer'),
(748, 13, 'Operating System Bit Version'),
(749, 13, 'Available Expansion Bays'),
(750, 13, 'Case Style'),
(751, 13, 'Brand Compatibility'),
(752, 13, 'Processor Platform'),
(753, 13, 'System Version'),
(754, 13, 'ENERGY STAR Qualified'),
(755, 13, 'Battery Type'),
(756, 13, 'Display Type'),
(757, 13, 'Computer Hard Drive Size'),
(758, 13, 'Optical Drive'),
(759, 13, 'MPEG'),
(760, 13, 'Modem'),
(761, 13, 'Networking'),
(762, 13, 'Bluetooth-Enabled'),
(763, 13, 'PCMCIA Slots'),
(764, 13, 'IEEE 1394 FireWire Ports'),
(765, 13, 'Parallel Ports'),
(766, 13, 'Game Ports'),
(767, 13, 'Laptop Weight'),
(768, 13, 'Battery Life'),
(769, 13, 'Included Software'),
(770, 13, 'Graphics Card'),
(771, 13, 'DVD-ROM Drive'),
(772, 13, 'Material'),
(773, 13, 'Shoulder Strap'),
(774, 13, 'Features'),
(775, 13, 'What model phone does this fit'),
(776, 13, 'iPhone Accessory'),
(777, 13, 'iPhone 5'),
(778, 13, 'Case Material'),
(779, 13, 'Pointing Device'),
(780, 13, 'Backlit Keyboard'),
(781, 13, 'Wireless Display'),
(782, 15, 'GSM'),
(783, 15, 'Band and Mode'),
(784, 15, 'Technology Details'),
(785, 15, 'Battery Type'),
(786, 15, 'Built-In GPS'),
(787, 15, 'Touch Screen'),
(788, 15, 'Device Manufacturer'),
(789, 15, 'Color Category'),
(790, 15, 'Wireless Capability'),
(791, 15, 'Operating System'),
(792, 15, 'Carrier Compatibility'),
(793, 15, 'Screen Size (Measured Diagonally)'),
(794, 15, 'iPhone 4S'),
(795, 15, 'Bluetooth Version'),
(796, 15, 'Keyboard Type'),
(797, 15, 'Rear Facing Camera MP Rating'),
(798, 15, 'Mobile Operating System'),
(799, 15, 'CDMA'),
(800, 15, 'LTE'),
(801, 15, 'Front  Facing Camera MP Rating'),
(802, 15, 'iPhone 5c'),
(803, 15, 'iPhone 5s'),
(804, 15, 'UMTS'),
(805, 15, 'Phone Style'),
(806, 15, 'Talk Time'),
(807, 15, 'Standby Time'),
(808, 15, 'Voice Activated'),
(809, 15, 'Internet/Email Capable'),
(810, 15, 'Text Messaging/Instant Messaging'),
(811, 15, 'iPhone 3G/3GS'),
(812, 15, 'Product Line'),
(813, 15, 'Product Model'),
(814, 15, 'LCD Screen'),
(815, 15, 'iPhone 4'),
(816, 15, 'Dual Rear Front Cameras'),
(817, 15, 'Data Plan Required'),
(818, 15, 'iPhone 5'),
(819, 15, 'Bluetooth-Enabled'),
(820, 15, 'Vibrate Mode'),
(821, 15, 'Customizable Ring Tones'),
(822, 15, 'Downloadable Games'),
(823, 15, 'Speed Dialing'),
(824, 15, 'Color Display'),
(825, 15, 'Built-in Digital Camera'),
(826, 15, 'MMS'),
(827, 15, 'QWERTY Keyboard'),
(828, 15, 'Camera Resolution'),
(829, 15, 'MP3 Playback Capability'),
(830, 15, 'Vibration Alert'),
(831, 15, 'Speakerphone'),
(832, 15, 'Graphics'),
(833, 15, 'Downloadable Ringtones'),
(834, 15, 'Changeable Faceplate'),
(835, 15, 'External Caller ID'),
(836, 15, 'Phonebook'),
(837, 15, 'Rugged Phone'),
(838, 15, 'Product Depth'),
(839, 15, 'Usage Time'),
(840, 15, 'Slide Out Keyboard'),
(841, 15, 'AMOLED Screen'),
(842, 17, 'Type of Accessory'),
(843, 17, 'Compatible with'),
(844, 17, 'ENERGY STAR Qualified'),
(845, 17, 'pricematch'),
(846, 17, 'Product Depth'),
(847, 17, 'ENERGY STAR Certified'),
(848, 17, 'Camera Body Style'),
(849, 17, 'Megapixels (Effective)'),
(850, 17, 'Megapixels (Total)'),
(851, 17, 'Image Storage Type'),
(852, 17, 'Image Resolution'),
(853, 17, 'Optical Zoom'),
(854, 17, 'Digital Zoom'),
(855, 17, 'Lens Features'),
(856, 17, 'Lens Focal Length(s)'),
(857, 17, 'LCD Screen Size'),
(858, 17, 'LCD Screen Features'),
(859, 17, 'Viewfinder'),
(860, 17, 'Image Stabilization'),
(861, 17, 'Face Detection'),
(862, 17, 'Burst Mode'),
(863, 17, 'Panorama Mode'),
(864, 17, 'Image Stitching'),
(865, 17, 'Internal Memory'),
(866, 17, 'Compatible Memory Formats'),
(867, 17, 'Shutter Speeds'),
(868, 17, 'Aperture Range'),
(869, 17, 'White Balance'),
(870, 17, 'Flash Range'),
(871, 17, 'Flash Modes'),
(872, 17, 'Orientation Sensor'),
(873, 17, 'External Flash Mount'),
(874, 17, 'Focus Range'),
(875, 17, 'Movie Mode'),
(876, 17, 'ISO Equivalent'),
(877, 17, 'Self-Timer'),
(878, 17, 'Interface'),
(879, 17, 'Camera Dock'),
(880, 17, 'Video Outputs'),
(881, 17, 'Audio'),
(882, 17, 'File Formats'),
(883, 17, 'Exposure Control'),
(884, 17, 'Image Storage Capacity'),
(885, 17, 'Batteries'),
(886, 17, 'AC Adapter'),
(887, 17, 'Imaging Sensor Type'),
(888, 17, 'Imaging Sensor Size'),
(889, 17, 'Software Included'),
(890, 17, 'Color Category'),
(891, 17, 'HD Movie Mode'),
(892, 17, 'Low-Light/High Sensitivity'),
(893, 17, 'Camera Full Frame Sensor'),
(894, 17, 'HD Movie Mode Focus'),
(895, 17, 'Max ISO'),
(896, 17, 'Frames Per Second'),
(897, 17, 'Vista Compatible'),
(898, 17, 'Filter Diameter'),
(899, 17, 'Tripod Mount'),
(900, 17, 'Touchscreen'),
(901, 17, 'Smile Mode'),
(902, 17, 'Waterproof'),
(903, 17, 'Coldproof'),
(904, 17, 'Shockproof'),
(905, 17, 'Varying Angle LCD'),
(906, 17, 'Digital Magnification'),
(907, 17, 'Wireless'),
(908, 17, 'Wi-Fi Ready'),
(909, 17, 'Lens'),
(910, 17, 'Time Lapse'),
(911, 17, 'Shots Available with Image Stitching'),
(912, 17, 'Accessories'),
(913, 17, 'Sensor Type'),
(914, 17, 'Text Overlay'),
(915, 17, 'Camera Long Zoom'),
(916, 17, 'Case Type'),
(917, 17, 'Warranty Term - Parts'),
(918, 17, 'Product Height'),
(919, 17, 'Product Width'),
(920, 17, 'Product Weight'),
(921, 17, 'Color'),
(922, 17, 'Camera Use'),
(923, 17, '3D-Ready'),
(924, 17, 'Material'),
(925, 17, 'Compatibility'),
(926, 17, 'Battery Application'),
(927, 17, 'Rechargeable or Non Rechargeable'),
(928, 17, 'mAh'),
(929, 17, 'Bag Type'),
(930, 17, 'Manufacturers Suggested Age'),
(931, 17, 'Electronic Toy Type'),
(932, 17, 'Camera Type'),
(933, 17, 'Shutter Speed'),
(934, 17, 'Battery'),
(935, 17, 'Battery Size'),
(936, 18, 'Type of Interface'),
(937, 18, 'Minimum System Requirements'),
(938, 18, 'Wireless Networking'),
(939, 18, 'Material'),
(940, 18, 'Compatibility'),
(941, 18, 'Print Speed (B&W)'),
(942, 18, 'Black Printer Resolution'),
(943, 18, 'Media Types'),
(944, 18, 'Media Sizes'),
(945, 18, 'Input Paper Capacity'),
(946, 18, 'Output Paper Capacity'),
(947, 18, 'Memory'),
(948, 18, 'Total Ink Tanks/Cartridge'),
(949, 18, 'Print Quality'),
(950, 18, 'Duty Cycle'),
(951, 18, 'Scanner Resolution (dpi)'),
(952, 18, 'Scanner Type'),
(953, 18, 'Scan Method'),
(954, 18, 'Copier Speed (B&W)'),
(955, 18, 'Reduction/ Enlargement'),
(956, 18, 'Automatic Document Feeder'),
(957, 18, 'Fax Transmission Speed'),
(958, 18, 'Fax Memory'),
(959, 18, 'Fax Type'),
(960, 18, 'Document Feed Type and Capacity'),
(961, 18, 'Print Speed (Color)'),
(962, 18, 'Fonts/Typefaces'),
(963, 18, 'PC-Free Printing'),
(964, 18, 'Two-Sided Printer'),
(965, 18, 'pricematch'),
(966, 18, 'Networking Capabilities'),
(967, 18, 'Bit Depth'),
(968, 18, 'Additional Features'),
(969, 18, 'Product Depth'),
(970, 18, 'Paper Feeder'),
(971, 18, 'Copier Resolution (dpi)'),
(972, 18, 'Multiple Copies'),
(973, 18, 'Automatic Document Reduction'),
(974, 18, 'Number of Speed Dials'),
(975, 18, 'Automatic Redial'),
(976, 18, 'Accessories Included'),
(977, 18, 'Software Included'),
(978, 18, 'Color Printer Resolution'),
(979, 18, 'Total Print Heads'),
(980, 18, 'Copier Speed (Color)'),
(981, 18, 'Drop Size'),
(982, 18, 'ENERGY STAR Certified'),
(983, 18, 'Available Print Modes'),
(984, 18, 'Small Business Features'),
(985, 18, 'Print Speed (Photo)'),
(986, 18, 'Processor Brand'),
(987, 18, 'Processor'),
(988, 18, 'Processor Speed'),
(989, 18, 'Cache Memory'),
(990, 18, 'System Memory (RAM)'),
(991, 18, 'System Memory (RAM) Expandable To'),
(992, 18, 'Type of Memory (RAM)'),
(993, 18, 'Hard Drive Type'),
(994, 18, 'Hard Drive Size'),
(995, 18, 'Graphics'),
(996, 18, 'Screen Size (Measured Diagonally)'),
(997, 18, 'TV Tuner'),
(998, 18, 'Audio'),
(999, 18, 'Speakers'),
(1000, 18, 'Built-in Webcam'),
(1001, 18, 'Network Card'),
(1002, 18, 'Direct-Disc Labeling'),
(1003, 18, 'Digital Media Reader or Slots'),
(1004, 18, 'Keyboard Description'),
(1005, 18, 'Other Control Devices (mouse, etc.)'),
(1006, 18, 'Operating System Platform'),
(1007, 18, 'Operating System'),
(1008, 18, 'HDMI Output'),
(1009, 18, 'Blu-ray Player'),
(1010, 18, 'Touchscreen'),
(1011, 18, 'Tilt'),
(1012, 18, 'Drive Capacity'),
(1013, 18, 'Best Buy PC App'),
(1014, 18, 'Brand Compatibility'),
(1015, 19, 'Auto Detecting'),
(1016, 19, 'System Requirements'),
(1017, 19, 'LAN Connection'),
(1018, 19, 'Wireless Standard'),
(1019, 19, 'Length of Cables'),
(1020, 19, 'ENERGY STAR Certified'),
(1021, 19, 'Speed'),
(1022, 19, 'pricematch'),
(1023, 19, 'Interface Slot Type'),
(1024, 19, 'Number of LAN Ports'),
(1025, 19, 'Number of Ports'),
(1026, 19, 'Number of WAN Ports'),
(1027, 19, 'ENERGY STAR Qualified'),
(1028, 19, 'Wireless N+'),
(1029, 19, 'LEDs'),
(1030, 19, 'Number of Printer Ports'),
(1031, 19, 'Product Depth'),
(1032, 19, 'Printer Interface'),
(1033, 19, 'Auto Sensing'),
(1034, 19, 'Bluetooth-Enabled'),
(1035, 19, 'Small Business Features'),
(1036, 19, 'Uplink Port'),
(1037, 51, 'Speed'),
(1038, 51, 'Interface Slot Type'),
(1039, 51, 'Number of LAN Ports'),
(1040, 51, 'System Requirements'),
(1041, 51, 'LAN Connection'),
(1042, 51, 'Wireless Standard'),
(1043, 51, 'ENERGY STAR Certified'),
(1044, 51, 'pricematch'),
(1045, 51, 'Length of Cables'),
(1046, 51, 'ENERGY STAR Qualified'),
(1047, 51, 'Wireless N+'),
(1048, 51, 'Number of Ports'),
(1049, 51, 'LEDs'),
(1050, 51, 'Printer Interface'),
(1051, 51, 'Number of Printer Ports'),
(1052, 51, 'Number of WAN Ports'),
(1053, 51, 'Compatibility'),
(1054, 51, 'Product Depth'),
(1055, 51, 'Auto Sensing');

-- --------------------------------------------------------

--
-- Table structure for table `user`
--

CREATE TABLE IF NOT EXISTS `user` (
  `id` int(11) NOT NULL AUTO_INCREMENT,
  `email` varchar(50) NOT NULL,
  `password` varchar(128) DEFAULT NULL,
  `firstname` varchar(50) NOT NULL,
  `lastname` varchar(50) NOT NULL,
  `image` varchar(100) DEFAULT NULL,
  `gender` varchar(50) DEFAULT NULL,
  `birthday` varchar(50) DEFAULT NULL,
  `auth_token` varchar(100) DEFAULT NULL,
  `status` tinyint(4) DEFAULT NULL,
  `is_deleted` tinyint(1) NOT NULL DEFAULT '0',
  `delete_date` datetime DEFAULT NULL,
  `last_login` datetime DEFAULT NULL,
  `create_date` datetime DEFAULT NULL,
  `update_date` datetime DEFAULT NULL,
  `role` varchar(50) NOT NULL,
  PRIMARY KEY (`id`)
) ENGINE=InnoDB  DEFAULT CHARSET=utf8 AUTO_INCREMENT=92 ;

--
-- Dumping data for table `user`
--

INSERT INTO `user` (`id`, `email`, `password`, `firstname`, `lastname`, `image`, `gender`, `birthday`, `auth_token`, `status`, `is_deleted`, `delete_date`, `last_login`, `create_date`, `update_date`, `role`) VALUES
(1, 'dmjoyce92@gmail.com', '17d7e86cfa74afa299216934f2c828be1edcca7a5bc690e325a7a8a091b2a349cb1b2c715cf762508e2bdbff4dc7ed66f7fa70b991420b99a487d51e5652519d', 'Dillon', ' Joyce', '2d9a1646475405c181fb4687c49e374b.jpg', 'Male', '12/4/1992', NULL, 1, 0, NULL, '2013-12-02 17:59:30', NULL, '2013-12-02 17:59:30', '1'),
(3, 'dmjoyce@live.unc.edu', '2b077f2dadc29f1653332732f3959824b15fe6b4cea52b78dad8eee094693d57b645ca3d8ddea4d5eb3d507ee069db32010a6287a087bd8f3524f22d3be26e0e', 'Dillon', 'Joyce', 'f4af2a2c76815b17cdf5ebea7127f1f2.jpg', 'Male', '//', NULL, 3, 0, NULL, '2013-07-16 20:03:58', '2013-07-12 14:48:58', '2013-10-10 12:46:30', '2'),
(5, 'sve@admin.com', 'ba49407fa403a39453c8b77d2783cf6ba7dfaa95ec672b04eb5d879c0fa337f9ad14b466e90b9db074b1a9002061adc4781b63d8058846b662f3fc4ba8b1b352', 'Svetlozar', 'Penev', NULL, 'Male', '//', NULL, 1, 0, NULL, '2013-11-14 12:09:16', '2013-07-12 14:54:54', '2013-11-14 12:09:16', '1'),
(35, 'renuser@vprex.com', 'b1c98531ab654619545ce4f95d14c5788b1e2e4d00c1780eeead7a4f9b9e73ffcece95148aaa5f3892771b1d4fea85f9e09db233b6ad8baed64d5f5661918a9f', 'Renuka', 'Shah', NULL, 'Female', NULL, 'bmW1enCWDxDqRvzvs!vjmtJsA7CD!7hM', 2, 0, NULL, '2013-07-26 05:37:48', '2013-07-17 04:51:29', '2013-07-26 05:37:48', '3'),
(38, 'donmj3@gmail.com', 'd2c54b3de0fd51694f0210acd14f7a45f7a63c67ca3573611a7908edfb096080408109e5f87f00ae23e0e23c57678dc25cb8da396468f9df4c805b0dfb79fc77', 'Donny', 'Joyce', 'e0c4b2aad70a4109ed5c0e4bf8c40a99.jpg', 'Male', '//', '_mSCjyc*8xYGQMC4fBXYhES2Y6z1D3YU', 1, 0, NULL, '2013-12-02 16:56:27', '2013-07-18 21:33:06', '2013-12-02 16:56:27', '1'),
(43, 'ren@vprex.com', 'ba49407fa403a39453c8b77d2783cf6ba7dfaa95ec672b04eb5d879c0fa337f9ad14b466e90b9db074b1a9002061adc4781b63d8058846b662f3fc4ba8b1b352', 'Renuka', 'Shah', 'b07e8321f21dd2c73012cf354712715e.JPG', 'Female', '//', 'BZ4A4x4eULHVYHtMsLvaNTm!tx5GCii5', 2, 0, NULL, '2014-05-29 08:33:26', '2013-07-19 05:44:48', '2014-05-29 08:33:26', '1'),
(45, 'donte@vprex.com', 'c7d92eced2172511940863d304c245ec140036d26ce2af3805a034c99ee578c630302b448b3e5314dfc45a67aef09dd09ddfd11816d8d56ce7f8d20892995862', 'Donte', 'Dinish', NULL, NULL, '//', 'kdKZ*KM78naC0oAw9eI902nZPg2soQOe', 1, 0, NULL, '2013-07-30 19:42:30', '2013-07-23 06:16:05', '2013-10-10 12:46:44', '2'),
(57, 'gurgen.gharibyan@gmail.com', '@gHd!;', 'sdasdasdas', 'sadasdasd', NULL, NULL, NULL, 'ltPV3lhDdGG5OMGjJpjThhbM9pbEoZjj', 1, 0, NULL, '2013-07-24 10:18:15', '2013-07-24 10:17:30', '2013-07-24 10:23:19', '2'),
(60, 'bryantan16@gmail.com', '46764889e3b23471eeb7ffbc7697d5e54bd77b48b36d8556f4787bf0142b58b1464dd0e60472396fce3eb71c136dcd23bf837b65f1e38bd21750b8244190aab1', 'Bryan', 'Tan', NULL, 'male', '1988-12-16', 'v0FMvzw2JqM4CEIdYSQg661HdTq!lErx', 1, 0, NULL, NULL, '2013-07-26 08:32:18', NULL, '2'),
(62, 'ren1@vprex.com', '96e2e8624cac1fee175e73d652e94d986a1cf7645de1100fd42f461effc2835e921adede0c7139003c17c2353d48e276a880bcd8683951a1a3d6c0ecad6ecadb', 'ren', 'shah', NULL, NULL, '//', 'lp2yVjMA8pWurFQILhLc2R6*xV9wZQ-O', 2, 0, NULL, '2013-09-30 09:36:52', '2013-07-29 04:07:12', '2013-09-30 09:36:52', '2'),
(63, 'renshah01@gmail.com', '96e2e8624cac1fee175e73d652e94d986a1cf7645de1100fd42f461effc2835e921adede0c7139003c17c2353d48e276a880bcd8683951a1a3d6c0ecad6ecadb', 'Renuka', 'Shah', 'a98824489aa1bebc54c89795d84a991c.jpg', NULL, '4/3/1983', '*ElyXe59MgfOAEB2lD.tXBVwC6Oe4CFL', 1, 0, NULL, '2013-11-27 08:40:50', '2013-08-17 01:42:38', '2013-11-27 08:40:50', '2'),
(64, 'azad@vprex.com', '69e1e41a3db0753a3cf9e1751839903761398e84aeb315a9b07d93e18a103ae93fa11e4acfdc585ce5e413e3c0c2d8468af452d13d5a885c922ad6557cf08b1e', 'Azad', 'Husen', '3a7a9e92d88dce628a7459fe6c37c964.png', NULL, '1/1/2010', '59Whywf*xlfyiJ.ndywbIUUrbS8*VDM_', 2, 0, NULL, '2013-10-03 12:34:00', '2013-08-20 01:21:01', '2013-10-03 12:34:00', '2'),
(65, 'renshah02@gmail.com', '96e2e8624cac1fee175e73d652e94d986a1cf7645de1100fd42f461effc2835e921adede0c7139003c17c2353d48e276a880bcd8683951a1a3d6c0ecad6ecadb', 'Ren', 'Shah', NULL, NULL, '//', 'lqWijxHU0WkzgkWpTFQD4aYmDB!NQih2', 1, 0, NULL, '2013-10-11 05:31:02', '2013-09-05 03:23:49', '2013-10-11 05:31:02', '2'),
(67, 'svetlio@celtis.net', 'ba49407fa403a39453c8b77d2783cf6ba7dfaa95ec672b04eb5d879c0fa337f9ad14b466e90b9db074b1a9002061adc4781b63d8058846b662f3fc4ba8b1b352', 'asd', 'asd', NULL, NULL, '//', '!q.xi7iiP63-pnD8yjNDqISRtngV0Eir', 2, 0, NULL, '2013-09-09 08:20:34', '2013-09-09 03:20:33', '2013-09-09 03:20:34', '2'),
(75, 'f0rce@mail.bg', 'ba49407fa403a39453c8b77d2783cf6ba7dfaa95ec672b04eb5d879c0fa337f9ad14b466e90b9db074b1a9002061adc4781b63d8058846b662f3fc4ba8b1b352', 'Svetlozar', 'Penev', NULL, 'male', '//', 'E!pTWTD8xeFoUQHwc0FIXyQNS.zf!IIn', 1, 0, NULL, '2013-09-18 08:09:35', '2013-09-18 08:09:35', '2013-09-18 08:09:35', '2'),
(76, 'dinish.donte@yahoo.com', 'c3156847ecd041acb32fe06172f7189779397745581db7a96fecee02c959b957f50038fe57e4c843da41bd692fe2e085a98499b83efbadb3d5f4690635d8d847', 'Donte', 'Dinish', NULL, NULL, '9/8/1960', 'hMq91VWLIuL0iB.OYmqQL092IOx5sgu6', 2, 0, NULL, '2013-09-20 17:38:32', '2013-09-20 16:01:16', '2013-09-20 17:38:32', '2'),
(77, 'azadnsu@gmail.com', '4d9ed49f0e28f4d81f01c8b97ffabac477a5f7b29f3ac71f594babf8039c8ea29ef4db148bdfdbabcc417b9f7dc85b3f237e790ac491e5399a694d3045fad30b', 'Azad', 'Husen', NULL, 'male', '//', 'ayi7m0dAJVUQU32bRw63kaRuZGZmFWxz', 1, 0, NULL, '2013-09-30 09:14:33', '2013-09-27 13:57:44', '2013-09-30 09:14:45', '2'),
(78, 'azad+012@vprex.com', '6910102a20b0c0a132ff880565130f7d8f2be1951fd548d1a146525e996f3c061c2a940468246ef112f3ee58d6e25d8892c3708e2f80ce558878dfef1ad567e7', 'Azad', 'Tester', NULL, NULL, '1/1/2010', 'htS7H4J-M1r-sP5zTEtZ0ldfTP*H8k*f', 1, 0, NULL, '2013-10-11 05:39:48', '2013-09-27 14:52:57', '2013-10-11 05:39:48', '2'),
(79, 't@test.com', 'f047f56518b0435677315faf1b9ce12cd3896bd18c7df77823572317824d8d939e2a83d5993061af8c0b0282bcb11777413037e21bb3ee0c1dbb210c76e6dee2', ' Azad', ' Test', NULL, NULL, '27/11/1984', 'lh.clOBq1c_QSaEQQExUvHef6iUMn2ID', 2, 0, NULL, '2013-09-30 07:21:49', '2013-09-30 07:21:48', '2013-09-30 07:21:49', '2'),
(80, 'azad@vprex.co', 'f047f56518b0435677315faf1b9ce12cd3896bd18c7df77823572317824d8d939e2a83d5993061af8c0b0282bcb11777413037e21bb3ee0c1dbb210c76e6dee2', 'Azad', 'Tester', NULL, NULL, '18/9/1994', 'hH*TEoiy2E2cTDpCT5W7SaMyGI2POihA', 2, 0, NULL, '2013-10-01 04:46:09', '2013-10-01 04:46:08', '2013-10-01 04:46:09', '2'),
(81, 'azad+testazad1@vprex.com', 'f047f56518b0435677315faf1b9ce12cd3896bd18c7df77823572317824d8d939e2a83d5993061af8c0b0282bcb11777413037e21bb3ee0c1dbb210c76e6dee2', 'Azad', 'Tester', NULL, NULL, '15/10/1992', 'fY4Ibne3n4qXZSe7k!4Ho.zqjUF.oCp3', 1, 0, NULL, '2013-10-01 10:15:30', '2013-10-01 10:15:30', '2013-10-01 10:16:30', '2'),
(83, 'azad+testerunderified@vprex.com', '69e1e41a3db0753a3cf9e1751839903761398e84aeb315a9b07d93e18a103ae93fa11e4acfdc585ce5e413e3c0c2d8468af452d13d5a885c922ad6557cf08b1e', 'Azad', 'TesterUnverified', NULL, NULL, '20/11/1986', 'WP8SzHp_2hkmIYlFFA0JNrpj!TNTh7II', 1, 0, NULL, '2013-10-04 10:06:25', '2013-10-04 10:06:24', '2013-10-04 10:09:16', '2'),
(84, 'azad+tr@vprex.com', '69e1e41a3db0753a3cf9e1751839903761398e84aeb315a9b07d93e18a103ae93fa11e4acfdc585ce5e413e3c0c2d8468af452d13d5a885c922ad6557cf08b1e', 'Azad', 'Tester', NULL, NULL, '//', 'Pyy5FYU-DJmJ-8V.SYjr!Fzs07Tzf2Ox', 1, 0, NULL, '2013-10-04 10:18:17', '2013-10-04 10:18:16', '2013-10-04 10:19:20', '2'),
(85, 'azad+test1@vprex.com', '69e1e41a3db0753a3cf9e1751839903761398e84aeb315a9b07d93e18a103ae93fa11e4acfdc585ce5e413e3c0c2d8468af452d13d5a885c922ad6557cf08b1e', 'Azad', 'Tester', NULL, NULL, '//', 'Cwf4je5.55eyb*yh3Ao.y8**w!7t7lLz', 2, 1, '2013-10-10 12:49:46', '2013-10-04 11:59:53', '2013-10-04 11:59:52', '2013-10-10 12:49:46', '2'),
(87, 'renshah03@gmail.com', '96e2e8624cac1fee175e73d652e94d986a1cf7645de1100fd42f461effc2835e921adede0c7139003c17c2353d48e276a880bcd8683951a1a3d6c0ecad6ecadb', 'Renuka 3', 'Shah', NULL, NULL, '//', '0aGF7.2h-vWTf!my.AjxeuUVnO6bjoFN', 2, 0, NULL, '2013-10-10 12:20:12', '2013-10-08 06:38:25', '2013-10-10 12:21:52', '2'),
(89, 'style2speed@yahoo.com', '4832534d69ec87add1793eeccb9f0aaf9aa36d4852b229a8eb2f76cbc47429143c90f9a85f7d4e6ead1d51e942a54f08994ddb86c27703ad7debd75050914244', 'Mohsin', 'Saeed', NULL, 'male', '//', 'wORshrLCGI8KpWEevUNh_Px.z-EnfPNH', 1, 0, NULL, '2013-11-11 10:46:49', '2013-11-11 10:46:49', '2013-11-14 11:48:06', '2'),
(90, 'hem@vprex.com', '73dbb3f5ccaf78f9946d1d61a533c408dc238f36e6dc227592ada4a668742ce034b79a1f1f1c9a88e4b4e2132698a6e51477148c5444a0f88fe8b7505739b143', 'Hem', 'Gadani', NULL, 'female', '//', 'sZrUb.EsLL_GPx!WbwIA1Vs6No.aTf*g', 1, 0, NULL, '2013-11-27 18:27:24', '2013-11-27 18:27:24', '2013-11-27 18:27:24', '2'),
(91, 'nevergivein111@gmail.com', '17c8f2c5148eb42605e3e2ed15a91d83b9e0a73c8e7f1504228385265655965a7db76619d9511a1941de0fce4ca584526e4bf7794a8204631bfa1156407967e9', 'khan', 'shab', NULL, NULL, '19/12/1993', 'zWFU734AkphnzWcAZhuY-eTHygC9-yCT', 1, 0, NULL, '2014-05-29 08:40:08', '2014-05-29 08:26:18', '2014-05-29 08:40:08', '2');

-- --------------------------------------------------------

--
-- Table structure for table `view_product`
--

CREATE TABLE IF NOT EXISTS `view_product` (
  `id` int(11) NOT NULL AUTO_INCREMENT,
  `product_id` int(11) NOT NULL,
  `user_id` int(11) DEFAULT NULL,
  `ip` varchar(100) DEFAULT NULL,
  `create_date` datetime DEFAULT NULL,
  PRIMARY KEY (`id`),
  KEY `fk_product_view_id` (`product_id`),
  KEY `fk_product_view_user_id` (`user_id`)
) ENGINE=InnoDB  DEFAULT CHARSET=utf8 AUTO_INCREMENT=7 ;

--
-- Dumping data for table `view_product`
--

INSERT INTO `view_product` (`id`, `product_id`, `user_id`, `ip`, `create_date`) VALUES
(1, 1, 43, NULL, '2014-05-29 08:13:51'),
(2, 2, 43, NULL, '2014-05-29 08:13:59'),
(3, 4, 91, NULL, '2014-05-29 08:27:47'),
(4, 4, NULL, '::1', '2014-05-29 08:39:53'),
(5, 5, 91, NULL, '2014-05-29 08:42:27'),
(6, 6, 91, NULL, '2014-05-29 08:44:28');

-- --------------------------------------------------------

--
-- Table structure for table `view_review`
--

CREATE TABLE IF NOT EXISTS `view_review` (
  `id` int(11) NOT NULL AUTO_INCREMENT,
  `user_id` int(11) NOT NULL,
  `review_product_id` int(11) NOT NULL,
  `status` tinyint(3) NOT NULL,
  `is_view` tinyint(4) NOT NULL,
  `create_date` datetime DEFAULT NULL,
  PRIMARY KEY (`id`),
  KEY `fk_last_view_user_id` (`user_id`),
  KEY `fk_last_view_review_id` (`review_product_id`)
) ENGINE=InnoDB DEFAULT CHARSET=utf8 AUTO_INCREMENT=1 ;

-- --------------------------------------------------------

--
-- Table structure for table `view_social`
--

CREATE TABLE IF NOT EXISTS `view_social` (
  `id` int(11) NOT NULL AUTO_INCREMENT,
  `user_id` int(11) DEFAULT NULL,
  `last_view` datetime DEFAULT NULL,
  PRIMARY KEY (`id`),
  KEY `fk_vew_social_user_id` (`user_id`)
) ENGINE=InnoDB  DEFAULT CHARSET=utf8 AUTO_INCREMENT=7 ;

--
-- Dumping data for table `view_social`
--

INSERT INTO `view_social` (`id`, `user_id`, `last_view`) VALUES
(1, 63, '2013-11-27 08:40:54'),
(2, 78, '2013-10-11 06:57:47'),
(3, 43, '2013-12-03 09:20:41'),
(4, 1, '2013-11-27 16:40:09'),
(5, 38, '2013-12-02 16:56:33'),
(6, 89, '2013-11-11 10:48:00');

-- --------------------------------------------------------

--
-- Table structure for table `wishlist`
--

CREATE TABLE IF NOT EXISTS `wishlist` (
  `id` int(11) NOT NULL AUTO_INCREMENT,
  `name` varchar(100) NOT NULL,
  `description` text,
  `is_deleted` tinyint(1) NOT NULL DEFAULT '0',
  `delete_date` datetime DEFAULT NULL,
  `create_date` datetime DEFAULT NULL,
  `update_date` datetime DEFAULT NULL,
  PRIMARY KEY (`id`)
) ENGINE=InnoDB  DEFAULT CHARSET=utf8 AUTO_INCREMENT=13 ;

--
-- Dumping data for table `wishlist`
--

INSERT INTO `wishlist` (`id`, `name`, `description`, `is_deleted`, `delete_date`, `create_date`, `update_date`) VALUES
(1, 'Frist Wish', 'Hello', 1, '2013-08-13 04:51:11', '2013-08-13 04:50:42', '2013-08-13 04:51:11'),
(2, 'Customize Experience with Facebook', 'Registered User\r\n-After user signs up, a pop-up window will appear for setting up their account further\r\n-First step is to add profile pic (Import Facebook Photo button); let''s you be on leaderboard\r\n-Follow Facebook Friends: Check the ones you want to follow, Select All button, checkbox for "Automatically follow Facebook   Friends who join Shareview in the future", click "Follow" button\r\n-Connect with email contacts: enter email address and email password to add contacts from email address book, or skip this step\r\n-Do not make user follow people from leaderboard (this list is constantly changing)\r\n\r\nNon-Registered Users\r\n-Top banner to notify user when Shareview is using Facebook to personalize experience\r\n-Footer banner encourages people to create a Shareview account by seeing who of their Facebook friends is already using the site.\r\n-Social page: visitor will see reviews written by Facebook friends. They will see everything within each review post, except for the new comment box', 0, NULL, '2013-08-13 14:29:50', '2013-08-27 22:03:00'),
(3, 'Share/Like Products and Reviews', 'Broadcast review content to Facebook (Like), Twitter (Tweet), Pinterest (Pin), Google+ (+1), StumbleUpon, and potentially email', 0, NULL, '2013-08-13 14:31:42', '2013-09-08 10:14:26'),
(4, 'Additional Product Media', 'Have multiple images for each product on its respective detail page (CNET). Also, embed outside video content and other relevant media. Also consider a Buying Guide Tab, which would also be accessible from the product listing page.', 0, NULL, '2013-08-13 14:36:59', '2013-09-08 10:18:55'),
(5, 'Like Product on Facebook', 'Applies to all products on our site that can be matched with a comparable Facebook product/interest page. Have this button in the top section of Product Detail (below Review It).', 1, '2013-09-08 15:14:12', '2013-08-13 14:37:48', '2013-09-08 10:14:12'),
(6, 'Profile-Personal Statement', 'Designate a place in the profile summary section for a personal statement. This is meant to provide users an outlet for expressing their unique interests and the qualities that set them apart from other users', 1, '2013-10-07 20:51:58', '2013-08-13 15:24:49', '2013-10-07 20:51:58'),
(7, 'Compose Review Page-Additions', 'Show a list of Most Helpful reviews in right margin of page-pertaining to the selected product (see Yelp)\r\n\r\nSpell Check-a button below each text box (pros and cons); pops up with a dictionary applet window (see Yelp). Also use red underline to mark misspelled words.\r\n\r\nCancel link beside the Preview button-takes user back to previous page.\r\n\r\nhttps://www.yelp.com/writeareview/biz/doldrYLTdR9aYckHIsv55Q?return_url=%2Fbiz%2FdoldrYLTdR9aYckHIsv55Q', 0, NULL, '2013-08-15 09:34:34', '2013-08-22 20:46:43'),
(8, 'Brand Rating - Customer Service', 'Create a brand rating based on customer service testimonials. Make a second tab in the review header of product detail page: create same toggle effect used with profile tabs. Reviewing a brand and its underlying quality of customer service would also be done through the compose review page. The rating format, however, will be more like a survey rather than stars; e.g. Unsatisfied, Somewhat Satisfied, etc. In product list page, we would also want to expand our Top Rated algorithm to incorporate customer service ratings.', 0, NULL, '2013-08-15 21:02:25', '2013-09-09 12:59:54'),
(9, 'Later Product Additions', 'Smartphones-Cases\r\nTablets-Cases\r\nElectronics-Watches- (Smart,...)\r\nCars\r\nWine', 0, NULL, '2013-08-15 21:05:24', '2013-09-08 10:49:16'),
(10, 'Importance Weights-Component Ratings', 'Within the Compose Review page, form an importance meter for each component (score 1-5) to represent the relative importance of  each component to the overall rating.\r\n\r\nImportance of Component: 5, 4, 2, 1, 3\r\nComponent Weights: 0.33, 0.27, 0.13, 0.07, 0.20\r\nComponent Star Ratings: 5, 4, 4, 3, 5\r\nOverall Star Rating = 4.5', 0, NULL, '2013-08-15 21:08:21', '2013-08-25 13:56:30'),
(11, 'Review Highlights', 'Pick out key phrases that are mentioned in multiple reviews (see Yelp business page).', 0, NULL, '2013-08-24 15:17:57', NULL),
(12, 'Social Tab - (shareview is using facebook to customize your experience)', 'When signing in to Facebook (user not yet registered with shareview) will see recent activity from friends on facebook who also have a shareview account. This will encourage the user to make an account and start following their friends.', 1, '2013-08-28 03:03:42', '2013-08-27 08:27:26', '2013-08-27 22:03:42');

--
-- Constraints for dumped tables
--

--
-- Constraints for table `category`
--
ALTER TABLE `category`
  ADD CONSTRAINT `fk_category` FOREIGN KEY (`category_id`) REFERENCES `category` (`id`) ON DELETE CASCADE ON UPDATE CASCADE,
  ADD CONSTRAINT `fk_category_combine_1` FOREIGN KEY (`combine_category_id`) REFERENCES `category` (`id`) ON DELETE CASCADE ON UPDATE CASCADE;

--
-- Constraints for table `component`
--
ALTER TABLE `component`
  ADD CONSTRAINT `fk_category_components` FOREIGN KEY (`category_id`) REFERENCES `category` (`id`) ON DELETE CASCADE ON UPDATE CASCADE;

--
-- Constraints for table `filter`
--
ALTER TABLE `filter`
  ADD CONSTRAINT `fk_filter_category` FOREIGN KEY (`category_id`) REFERENCES `category` (`id`) ON DELETE CASCADE ON UPDATE CASCADE;

--
-- Constraints for table `filter_value`
--
ALTER TABLE `filter_value`
  ADD CONSTRAINT `fk_filter_value_unique` FOREIGN KEY (`unique_id`) REFERENCES `unique_product_attribute` (`id`) ON DELETE CASCADE ON UPDATE CASCADE,
  ADD CONSTRAINT `fk_filter__value_filterl` FOREIGN KEY (`filter_id`) REFERENCES `filter` (`id`) ON DELETE CASCADE ON UPDATE CASCADE;

--
-- Constraints for table `follow`
--
ALTER TABLE `follow`
  ADD CONSTRAINT `fk_followerId` FOREIGN KEY (`follower_id`) REFERENCES `user` (`id`) ON DELETE CASCADE ON UPDATE CASCADE,
  ADD CONSTRAINT `fk_followingId` FOREIGN KEY (`following_id`) REFERENCES `user` (`id`) ON DELETE CASCADE ON UPDATE CASCADE;

--
-- Constraints for table `message`
--
ALTER TABLE `message`
  ADD CONSTRAINT `fk_message_id` FOREIGN KEY (`message_id`) REFERENCES `message` (`id`) ON DELETE CASCADE ON UPDATE CASCADE,
  ADD CONSTRAINT `fk_user` FOREIGN KEY (`user_id`) REFERENCES `user` (`id`) ON DELETE CASCADE ON UPDATE CASCADE;

--
-- Constraints for table `message_to_user`
--
ALTER TABLE `message_to_user`
  ADD CONSTRAINT `fk_message_to_user` FOREIGN KEY (`message_id`) REFERENCES `message` (`id`) ON DELETE CASCADE ON UPDATE CASCADE,
  ADD CONSTRAINT `fk_user_message` FOREIGN KEY (`user_id`) REFERENCES `user` (`id`) ON DELETE CASCADE ON UPDATE CASCADE;

--
-- Constraints for table `product`
--
ALTER TABLE `product`
  ADD CONSTRAINT `fk_brandId` FOREIGN KEY (`brand_id`) REFERENCES `brand` (`id`) ON DELETE CASCADE ON UPDATE CASCADE,
  ADD CONSTRAINT `fk_categoryId` FOREIGN KEY (`category_id`) REFERENCES `category` (`id`) ON DELETE CASCADE ON UPDATE CASCADE,
  ADD CONSTRAINT `fk_subcategoryId` FOREIGN KEY (`sub_category_id`) REFERENCES `category` (`id`) ON DELETE CASCADE ON UPDATE CASCADE;

--
-- Constraints for table `product_attribute`
--
ALTER TABLE `product_attribute`
  ADD CONSTRAINT `product_attribute_ibfk_1` FOREIGN KEY (`product_id`) REFERENCES `product` (`id`) ON DELETE CASCADE;

--
-- Constraints for table `review_comment`
--
ALTER TABLE `review_comment`
  ADD CONSTRAINT `review_comment_ibfk_1` FOREIGN KEY (`review_id`) REFERENCES `review_product` (`id`) ON DELETE CASCADE,
  ADD CONSTRAINT `fk_reviewCommentUserId` FOREIGN KEY (`user_id`) REFERENCES `user` (`id`) ON DELETE CASCADE ON UPDATE CASCADE;

--
-- Constraints for table `review_product`
--
ALTER TABLE `review_product`
  ADD CONSTRAINT `review_product_ibfk_1` FOREIGN KEY (`product_id`) REFERENCES `product` (`id`) ON DELETE CASCADE,
  ADD CONSTRAINT `fk_review_user` FOREIGN KEY (`user_id`) REFERENCES `user` (`id`) ON DELETE CASCADE ON UPDATE CASCADE;

--
-- Constraints for table `review_product_component`
--
ALTER TABLE `review_product_component`
  ADD CONSTRAINT `review_product_component_ibfk_1` FOREIGN KEY (`review_product_id`) REFERENCES `review_product` (`id`) ON DELETE CASCADE,
  ADD CONSTRAINT `fk_review_component_product` FOREIGN KEY (`component_id`) REFERENCES `component` (`id`) ON DELETE CASCADE ON UPDATE CASCADE;

--
-- Constraints for table `scrape_product`
--
ALTER TABLE `scrape_product`
  ADD CONSTRAINT `fk_scrape_product_category` FOREIGN KEY (`category_id`) REFERENCES `category` (`id`) ON DELETE CASCADE ON UPDATE CASCADE;

--
-- Constraints for table `slider`
--
ALTER TABLE `slider`
  ADD CONSTRAINT `slider_ibfk_1` FOREIGN KEY (`product_id`) REFERENCES `product` (`id`) ON DELETE CASCADE;

--
-- Constraints for table `store_product_info`
--
ALTER TABLE `store_product_info`
  ADD CONSTRAINT `store_product_info_ibfk_1` FOREIGN KEY (`product_id`) REFERENCES `product` (`id`) ON DELETE CASCADE,
  ADD CONSTRAINT `fk_store_product_id` FOREIGN KEY (`store_id`) REFERENCES `store` (`id`) ON DELETE CASCADE ON UPDATE CASCADE;

--
-- Constraints for table `unique_product_attribute`
--
ALTER TABLE `unique_product_attribute`
  ADD CONSTRAINT `fk_unique_product_attribute_category` FOREIGN KEY (`category_id`) REFERENCES `category` (`id`) ON DELETE CASCADE ON UPDATE CASCADE;

--
-- Constraints for table `view_product`
--
ALTER TABLE `view_product`
  ADD CONSTRAINT `view_product_ibfk_1` FOREIGN KEY (`product_id`) REFERENCES `product` (`id`) ON DELETE CASCADE,
  ADD CONSTRAINT `fk_product_view_user_id` FOREIGN KEY (`user_id`) REFERENCES `user` (`id`) ON DELETE CASCADE ON UPDATE CASCADE;

--
-- Constraints for table `view_review`
--
ALTER TABLE `view_review`
  ADD CONSTRAINT `view_review_ibfk_1` FOREIGN KEY (`review_product_id`) REFERENCES `review_product` (`id`) ON DELETE CASCADE,
  ADD CONSTRAINT `fk_last_view_user_id` FOREIGN KEY (`user_id`) REFERENCES `user` (`id`) ON DELETE CASCADE ON UPDATE CASCADE;

--
-- Constraints for table `view_social`
--
ALTER TABLE `view_social`
  ADD CONSTRAINT `fk_vew_social_user_id` FOREIGN KEY (`user_id`) REFERENCES `user` (`id`) ON DELETE CASCADE ON UPDATE CASCADE;

/*!40101 SET CHARACTER_SET_CLIENT=@OLD_CHARACTER_SET_CLIENT */;
/*!40101 SET CHARACTER_SET_RESULTS=@OLD_CHARACTER_SET_RESULTS */;
/*!40101 SET COLLATION_CONNECTION=@OLD_COLLATION_CONNECTION */;
